-- phpMyAdmin SQL Dump
-- version 3.5.1
-- http://www.phpmyadmin.net
--
-- Хост: 127.0.0.1
-- Время создания: Сен 17 2014 г., 02:10
-- Версия сервера: 5.5.25
-- Версия PHP: 5.3.13

SET SQL_MODE="NO_AUTO_VALUE_ON_ZERO";
SET time_zone = "+00:00";


/*!40101 SET @OLD_CHARACTER_SET_CLIENT=@@CHARACTER_SET_CLIENT */;
/*!40101 SET @OLD_CHARACTER_SET_RESULTS=@@CHARACTER_SET_RESULTS */;
/*!40101 SET @OLD_COLLATION_CONNECTION=@@COLLATION_CONNECTION */;
/*!40101 SET NAMES utf8 */;

--
-- База данных: `rpg`
--

-- --------------------------------------------------------

--
-- Структура таблицы `countryoperators`
--

CREATE TABLE IF NOT EXISTS `countryoperators` (
  `id` int(11) NOT NULL AUTO_INCREMENT,
  `tld` varchar(5) DEFAULT NULL,
  `name` varchar(255) DEFAULT '0',
  `operator` varchar(255) CHARACTER SET utf8 COLLATE utf8_unicode_ci DEFAULT '0',
  `lang` varchar(3) DEFAULT NULL,
  PRIMARY KEY (`id`)
) ENGINE=MyISAM  DEFAULT CHARSET=cp1251 AUTO_INCREMENT=268 ;

--
-- Дамп данных таблицы `countryoperators`
--

INSERT INTO `countryoperators` (`id`, `tld`, `name`, `operator`, `lang`) VALUES
(1, 'AH', 'Абхазия', 'AQUAFON (Абхазия)', 'ru'),
(2, 'AH', 'Абхазия', 'А-Мобайл (Абхазия)', 'ru'),
(3, 'AM', 'Армения', 'Beeline AM', 'ru'),
(4, 'AM', 'Армения', 'VivaCell', 'ru'),
(5, 'AZ', 'Азербайджан', 'AZERCELL', 'ru'),
(6, 'AZ', 'Азербайджан', 'BAKCELL', 'ru'),
(7, 'AZ', 'Азербайджан', 'Nar Mobile', 'ru'),
(8, 'BY', 'Беларусь', 'life:) - BeST', 'ru'),
(9, 'BY', 'Беларусь', 'VELCOM', 'ru'),
(10, 'BY', 'Беларусь', 'МТС Беларусь', 'ru'),
(11, 'DE', 'Германия', 'E-Plus', NULL),
(12, 'DE', 'Германия', 'O2 DE', NULL),
(13, 'DE', 'Германия', 'T-Mobile DE', NULL),
(14, 'DE', 'Германия', 'Vodafone DE', NULL),
(15, 'EE', 'Эстония', 'Elisa', 'ru'),
(16, 'EE', 'Эстония', 'EMT', 'ru'),
(17, 'EE', 'Эстония', 'TELE2-EE', 'ru'),
(18, 'GE', 'Грузия', 'Beeline GE', 'ru'),
(19, 'GE', 'Грузия', 'GEOCELL', 'ru'),
(20, 'GE', 'Грузия', 'MagtiCom', 'ru'),
(21, 'IL', 'Израиль', 'CELLCOM', NULL),
(22, 'IL', 'Израиль', 'MIRS', NULL),
(23, 'IL', 'Израиль', 'Orange', NULL),
(24, 'IL', 'Израиль', 'Pelephone', NULL),
(25, 'KG', 'Кыргызстан', 'Beeline KG', 'ru'),
(26, 'KG', 'Кыргызстан', 'MegaCom', 'ru'),
(27, 'KZ', 'Казахстан', 'Beeline KZ', 'ru'),
(28, 'KZ', 'Казахстан', 'KCELL Activ', 'ru'),
(29, 'KZ', 'Казахстан', 'NEO', 'ru'),
(30, 'LT', 'Литва', 'BITE-LT', 'ru'),
(31, 'LT', 'Литва', 'OMNITEL', 'ru'),
(32, 'LT', 'Литва', 'TELE2-LT', 'ru'),
(33, 'LV', 'Латвия', 'BITE-LV', 'ru'),
(34, 'LV', 'Латвия', 'LMT', 'ru'),
(35, 'LV', 'Латвия', 'TELE2-LV', 'ru'),
(36, 'MD', 'Молдавия', 'MOLDCELL', 'ru'),
(37, 'MD', 'Молдавия', 'ORANGE Voxtel', 'ru'),
(38, 'RU', 'Россия', 'SkyLink', 'ru'),
(39, 'RU', 'Россия', 'TAMBOV GSM', 'ru'),
(40, 'RU', 'Россия', 'TELE2', 'ru'),
(41, 'RU', 'Россия', 'Utel', 'ru'),
(42, 'RU', 'Россия', 'АКОС GSM', 'ru'),
(43, 'RU', 'Россия', 'БайкалВестКом', 'ru'),
(44, 'RU', 'Россия', 'Билайн', 'ru'),
(45, 'RU', 'Россия', 'Волгоград GSM', 'ru'),
(46, 'RU', 'Россия', 'Енисейтелеком', 'ru'),
(47, 'RU', 'Россия', 'Мегафон', 'ru'),
(48, 'RU', 'Россия', 'МОТИВ', 'ru'),
(49, 'RU', 'Россия', 'МТС', 'ru'),
(50, 'RU', 'Россия', 'НСС', 'ru'),
(51, 'RU', 'Россия', 'НСС Мордовия', 'ru'),
(52, 'RU', 'Россия', 'НТК', 'ru'),
(53, 'RU', 'Россия', 'Оренбург GSM', 'ru'),
(54, 'RU', 'Россия', 'СМАРТС', 'ru'),
(55, 'RU', 'Россия', 'Татинком-Т', 'ru'),
(56, 'RU', 'Россия', 'Ульяновск GSM', 'ru'),
(57, 'RU', 'Россия', 'Элайн GSM', 'ru'),
(58, 'TJ', 'Таджикистан', 'Babilon-M', 'ru'),
(59, 'TJ', 'Таджикистан', 'Beeline TJ (TACOM)', 'ru'),
(60, 'TJ', 'Таджикистан', 'Indigo TJ', 'ru'),
(61, 'TJ', 'Таджикистан', 'MLT (ТТ Mobile)', 'ru'),
(62, 'TJ', 'Таджикистан', 'Tcell TJ', 'ru'),
(63, 'UA', 'Украина', 'Beeline UA', 'ru'),
(64, 'UA', 'Украина', 'KYIVSTAR', 'ru'),
(65, 'UA', 'Украина', 'life:)', 'ru'),
(66, 'UA', 'Украина', 'MTC', 'ru'),
(67, 'UK', 'Великобритания', 'Hutchinson 3G UK', NULL),
(68, 'UK', 'Великобритания', 'O2 UK', NULL),
(69, 'UK', 'Великобритания', 'Orange UK', NULL),
(70, 'UK', 'Великобритания', 'T-Mobile UK', NULL),
(71, 'UK', 'Великобритания', 'Vodafone UK', NULL),
(72, 'AE', 'Объединенные Арабские Эмираты', 'EMIRNET', NULL),
(73, 'AF', 'Афганистан', 'MTN Afghanistan', NULL),
(74, 'AM', 'Армения', 'Orange AM', 'ru'),
(75, 'AO', 'Ангола', 'Movicel', NULL),
(76, 'AR', 'Аргентина', 'MOVISTAR', NULL),
(77, 'AT', 'Австрия', 'MOBILKOM', NULL),
(78, 'AT', 'Австрия', 'T-Mobile AT', NULL),
(79, 'AU', 'Австралия', 'Optus Mobile', NULL),
(80, 'AU', 'Австралия', 'VODAFONE AU', NULL),
(81, 'AZ', 'Азербайджан', 'Azerfon-Vodafone', 'ru'),
(82, 'BA', 'Босния и Герцеговина', 'BH Telecom', NULL),
(83, 'BA', 'Босния и Герцеговина', 'MOBIS', NULL),
(84, 'BD', 'Бангладеш', 'AKTEL', NULL),
(85, 'BD', 'Бангладеш', 'Grameenphone', NULL),
(86, 'BD', 'Бангладеш', 'WARIDTEL', NULL),
(87, 'BE', 'Бельгия', 'Getway', NULL),
(88, 'BE', 'Бельгия', 'KPNO-BE', NULL),
(89, 'BG', 'Болгария', 'GLOBUL', NULL),
(90, 'BG', 'Болгария', 'M-TEL GSM BG', NULL),
(91, 'BG', 'Болгария', 'Vivatel', NULL),
(92, 'BH', 'Бахрейн', 'MTC Vodafone BH', NULL),
(93, 'BN', 'Бруней-Даруссалам', 'Jabatan', NULL),
(94, 'BO', 'Боливия', 'Telefуnica', NULL),
(95, 'CA', 'Канада', 'Rogers', NULL),
(96, 'CA', 'Канада', 'TELUS MOBILITY', NULL),
(97, 'CD', 'Демократическая Республика Конго', 'Zain', NULL),
(98, 'CN', 'Китай', 'China Mobile', NULL),
(99, 'CN', 'Китай', 'China Telecom', NULL),
(100, 'CN', 'Китай', 'UCWeb browser (Китай)', NULL),
(101, 'CN', 'Китай', 'UNICOM', NULL),
(102, 'CS', 'Сербия и Черногория', 'TELEKOM SRBIJA', NULL),
(103, 'CS', 'Сербия и Черногория', 'Topnet 3G', NULL),
(104, 'CY', 'Кипр', 'CYTAMOBILE', NULL),
(105, 'CY', 'Кипр', 'MTN Cyprus', NULL),
(106, 'CZ', 'Чехия', 'O2 CZ', NULL),
(107, 'CZ', 'Чехия', 'T-Mobile CZ', NULL),
(108, 'CZ', 'Чехия', 'Vodafone CZ', NULL),
(109, 'DK', 'Дания', 'Telenor DK', NULL),
(110, 'DZ', 'Алжир', 'AlgerieTelecom', NULL),
(111, 'EC', 'Эквадор', 'Bells', NULL),
(112, 'EG', 'Египет', 'Etisalat', NULL),
(113, 'EG', 'Египет', 'Link Egypt', NULL),
(114, 'EG', 'Египет', 'MobiNil', NULL),
(115, 'EG', 'Египет', 'Vodafone Egypt', NULL),
(116, 'ES', 'Испания', 'Movistar', NULL),
(117, 'ES', 'Испания', 'Orange ES', NULL),
(118, 'ES', 'Испания', 'VODAFONE ES', NULL),
(119, 'ES', 'Испания', 'Yoigo', NULL),
(120, 'FI', 'Финляндия', 'Saunalahti', NULL),
(121, 'FR', 'Франция', 'BOUYGTEL', NULL),
(122, 'FR', 'Франция', 'ORANGE F', NULL),
(123, 'FR', 'Франция', 'SFR', NULL),
(124, 'GR', 'Греция', 'COSMOTE', NULL),
(125, 'GR', 'Греция', 'Vodafone GR', NULL),
(126, 'HR', 'Хорватия', 'VIPNET', NULL),
(127, 'HU', 'Венгрия', 'VODAFONE-HU', NULL),
(128, 'ID', 'Индонезия', 'INDOSAT', NULL),
(129, 'ID', 'Индонезия', 'proXL', NULL),
(130, 'ID', 'Индонезия', 'T-SEL', NULL),
(131, 'ID', 'Индонезия', 'Wisma Barito', NULL),
(132, 'IE', 'Ирландия', 'METEOR', NULL),
(133, 'IE', 'Ирландия', 'O2 IE', NULL),
(134, 'IE', 'Ирландия', 'Vodafone Ireland', NULL),
(135, 'IN', 'Индия', 'AIRTEL', NULL),
(136, 'IN', 'Индия', 'BSNL', NULL),
(137, 'IN', 'Индия', 'Dishnet', NULL),
(138, 'IN', 'Индия', 'HUTCH', NULL),
(139, 'IN', 'Индия', 'IDEA', NULL),
(140, 'IN', 'Индия', 'MTNL', NULL),
(141, 'IN', 'Индия', 'Reliance', NULL),
(142, 'IN', 'Индия', 'Vodafone IN', NULL),
(143, 'IQ', 'Ирак', 'Newroz Telecom', NULL),
(144, 'IR', 'Иран', 'IRANCELL', NULL),
(145, 'IR', 'Иран', 'ITC', NULL),
(146, 'IT', 'Италия', 'H3G', NULL),
(147, 'IT', 'Италия', 'VODAFONE IT', NULL),
(148, 'IT', 'Италия', 'WIND', NULL),
(149, 'JO', 'Иордания', 'FastLink GSM', NULL),
(150, 'JO', 'Иордания', 'MobileCOM', NULL),
(151, 'JP', 'Япония', 'KDDI', NULL),
(152, 'KE', 'Кения', 'Safaricom', NULL),
(153, 'KG', 'Кыргызстан', 'Nur Telecom', 'ru'),
(154, 'KG', 'Кыргызстан', 'SOTEL CDMA', 'ru'),
(155, 'KW', 'Кувейт', 'GULFSAT', NULL),
(156, 'KW', 'Кувейт', 'WATANIYA', NULL),
(157, 'LA', 'Лаос', 'UNITEL', NULL),
(158, 'LK', 'Шри-Ланка', 'AIRTEL', NULL),
(159, 'LK', 'Шри-Ланка', 'MOBITEL LK', NULL),
(160, 'LK', 'Шри-Ланка', 'MTN Networks', NULL),
(161, 'LU', 'Люксембург', 'TELE2-LU', NULL),
(162, 'LY', 'Ливия', 'Libyan Telecom', NULL),
(163, 'MA', 'Марокко', 'Maroc Connect', NULL),
(164, 'MC', 'Монако', 'LONESTARCELL', NULL),
(165, 'MD', 'Молдавия', 'Eventis', NULL),
(166, 'MD', 'Молдавия', 'IDC CDMA', NULL),
(167, 'MD', 'Молдавия', 'Unite', NULL),
(168, 'ME', 'Черногория', 'Promonte GSM', NULL),
(169, 'MK', 'Македония', 'T-Mobile MK', NULL),
(170, 'MN', 'Монголия', 'G-Mobile', NULL),
(171, 'MN', 'Монголия', 'MobiCom', NULL),
(172, 'MX', 'Мексика', 'Iusacell', NULL),
(173, 'MX', 'Мексика', 'Telefуnica', NULL),
(174, 'MY', 'Малайзия', 'Celcom', NULL),
(175, 'MY', 'Малайзия', 'DIGI', NULL),
(176, 'MY', 'Малайзия', 'MAXISNET', NULL),
(177, 'NA', 'Намбия', 'MTC NA', NULL),
(178, 'NG', 'Нигерия', 'CELTEL', NULL),
(179, 'NG', 'Нигерия', 'GLOBACOM', NULL),
(180, 'NG', 'Нигерия', 'MTN', NULL),
(181, 'NL', 'Нидерланды', 'KPN', NULL),
(182, 'NL', 'Нидерланды', 'T-mobile NL', NULL),
(183, 'NL', 'Нидерланды', 'VODAFONE NL', NULL),
(184, 'NO', 'Норвегия', 'Lebara', NULL),
(185, 'NO', 'Норвегия', 'NETCOM', NULL),
(186, 'NO', 'Норвегия', 'NMT', NULL),
(187, 'NO', 'Норвегия', 'Opera Mini', NULL),
(188, 'NP', 'Непал', 'NEPAL TELECOM', NULL),
(189, 'NZ', 'Новая Зеландия', 'VODAFONE', NULL),
(190, 'OM', 'Оман', 'Koora Mobile', NULL),
(191, 'PA', 'Панама', 'CWPANAMA', NULL),
(192, 'PA', 'Панама', 'Telefonica PA', NULL),
(193, 'PE', 'Перу', 'Telefonica PE', NULL),
(194, 'PH', 'Филиппины', 'GLOBE', NULL),
(195, 'PK', 'Пакистан', 'Telenor Pakistan', NULL),
(196, 'PK', 'Пакистан', 'Warid Telecom', NULL),
(197, 'PL', 'Польша', 'ERA GSM', NULL),
(198, 'PL', 'Польша', 'Orange PL', NULL),
(199, 'PL', 'Польша', 'Playmobile', NULL),
(200, 'PL', 'Польша', 'PlusGSM', NULL),
(201, 'PL', 'Польша', 'PTK CENTERTEL', NULL),
(202, 'PR', 'Пуэрто-Рико', 'Open Mobile', NULL),
(203, 'PS', 'Палестинская территория', 'PALTEL', NULL),
(204, 'PT', 'Португалия', 'OPTIMUS', NULL),
(205, 'PT', 'Португалия', 'TMN', NULL),
(206, 'PT', 'Португалия', 'VODAFONE P', NULL),
(207, 'PY', 'Парагвай', 'Maximo Lira', NULL),
(208, 'QA', 'Катар', 'Vodafone Qatar', NULL),
(209, 'RO', 'Румыния', 'COSMOTE', NULL),
(210, 'RO', 'Румыния', 'ORANGE RO', NULL),
(211, 'RO', 'Румыния', 'Vodafone RO', NULL),
(212, 'RS', 'Сербия', 'Telenor RS', NULL),
(213, 'RU', 'Россия', 'KODOTEL', 'ru'),
(214, 'RU', 'Россия', 'UC Browser', 'ru'),
(215, 'RU', 'Россия', 'Wellcom CDMA', 'ru'),
(216, 'RU', 'Россия', 'Yota', 'ru'),
(217, 'RU', 'Россия', 'Алтайсвязь', 'ru'),
(218, 'RU', 'Россия', 'СТЕК GSM', 'ru'),
(219, 'SA', 'Саудовская Аравия', 'AL JAWAL', NULL),
(220, 'SA', 'Саудовская Аравия', 'Ettihad Etisalat', NULL),
(221, 'SA', 'Саудовская Аравия', 'MTC-KSA', NULL),
(222, 'SD', 'Судан', 'KANARTEL', NULL),
(223, 'SD', 'Судан', 'Mobitel', NULL),
(224, 'SE', 'Швеция', 'HI3G', NULL),
(225, 'SE', 'Швеция', 'TELIA-MOBILE', NULL),
(226, 'SG', 'Сингапур', 'Sing tel', NULL),
(227, 'SI', 'Словения', 'MOBITEL', NULL),
(228, 'SK', 'Словакия', 'Orange SK', NULL),
(229, 'SK', 'Словакия', 'Telefonica O2', NULL),
(230, 'SV', 'Сальвадор', 'Telemovil', NULL),
(231, 'SY', 'Сирия', 'MTN', NULL),
(232, 'SY', 'Сирия', 'SYRIATEL', NULL),
(233, 'TH', 'Таиланд', 'AISNET', NULL),
(234, 'TH', 'Таиланд', 'DTACNET', NULL),
(235, 'TM', 'Туркменистан', 'MTC TM', NULL),
(236, 'TR', 'Турция', 'AVEA', NULL),
(237, 'TR', 'Турция', 'Karizma', NULL),
(238, 'TR', 'Турция', 'Kktcell', NULL),
(239, 'TR', 'Турция', 'TELSIM MOBILE', NULL),
(240, 'TR', 'Турция', 'TURKCELL', NULL),
(241, 'TR', 'Турция', 'VODAFONE-TR', NULL),
(242, 'TW', 'Тайвань', 'Taiwan Mobile', NULL),
(243, 'TZ', 'Танзания', 'VODACOM-TZ', NULL),
(244, 'UA', 'Украина', 'CDMAUA', 'ru'),
(245, 'UA', 'Украина', 'Intertelecom', 'ru'),
(246, 'UA', 'Украина', 'PEOPLEnet CDMA', 'ru'),
(247, 'UA', 'Украина', 'Utel Украина', 'ru'),
(248, 'UK', 'Великобритания', 'RIM', NULL),
(249, 'US', 'США', 'AT T', NULL),
(250, 'US', 'США', 'Cricket', NULL),
(251, 'US', 'США', 'Google Wireless', NULL),
(252, 'US', 'США', 'Ovi Services', NULL),
(253, 'US', 'США', 'Sprint', NULL),
(254, 'US', 'США', 'T-Mobile USA', NULL),
(255, 'US', 'США', 'Verizon', NULL),
(256, 'UZ', 'Узбекистан', 'Beeline UZ', NULL),
(257, 'UZ', 'Узбекистан', 'COSCOM (UCEEL)', NULL),
(258, 'UZ', 'Узбекистан', 'Uzdunrobita (MTC)', NULL),
(259, 'VE', 'Венесуэла', 'Digitel', NULL),
(260, 'VE', 'Венесуэла', 'TELCEL', NULL),
(261, 'VN', 'Вьетнам', 'VIETEL', NULL),
(262, 'YE', 'Йемен', 'YemenNet', NULL),
(263, 'YU', 'Югославия', 'MOBTEL', NULL),
(264, 'YU', 'Югославия', 'MONETGSM', NULL),
(265, 'ZA', 'Южная Африка', 'Cell C', NULL),
(266, 'ZA', 'Южная Африка', 'Mobile Telephone Network', NULL),
(267, 'ZA', 'Южная Африка', 'Vodacom', NULL);

-- --------------------------------------------------------

--
-- Структура таблицы `ipbase`
--

CREATE TABLE IF NOT EXISTS `ipbase` (
  `id` int(11) NOT NULL AUTO_INCREMENT,
  `opid` int(11) DEFAULT '0',
  `ip1` bigint(21) DEFAULT '0',
  `ip2` bigint(21) DEFAULT '0',
  PRIMARY KEY (`id`)
) ENGINE=MyISAM  DEFAULT CHARSET=cp1251 AUTO_INCREMENT=1027 ;

--
-- Дамп данных таблицы `ipbase`
--

INSERT INTO `ipbase` (`id`, `opid`, `ip1`, `ip2`) VALUES
(1, 1, 1052116992, 1052119039),
(2, 2, 3284075520, 3284076031),
(3, 3, 776339456, 776404991),
(4, 3, 1475444736, 1475461119),
(5, 3, 2996862976, 2996879359),
(6, 3, 2996879360, 2996895743),
(7, 3, 3561570304, 3561578495),
(8, 3, 3561570560, 3561570815),
(9, 4, 780288000, 780304383),
(10, 4, 1406787584, 1406789631),
(11, 4, 1406795264, 1406795647),
(12, 4, 3645636608, 3645637631),
(13, 4, 3645637632, 3645638655),
(14, 4, 3645638656, 3645639679),
(15, 4, 3645639680, 3645640703),
(16, 5, 3651710976, 3651715071),
(17, 6, 1434714112, 1434746879),
(18, 6, 1434728704, 1434728959),
(19, 7, 1307865088, 1307869183),
(20, 8, 784269312, 784302079),
(21, 8, 1360941056, 1360941823),
(22, 8, 1360941824, 1360942079),
(23, 8, 1360942080, 1360942335),
(24, 8, 1360942336, 1360942591),
(25, 8, 1360942592, 1360942847),
(26, 8, 1360942848, 1360943103),
(27, 8, 1360943104, 1360943359),
(28, 8, 1360943360, 1360943615),
(29, 8, 1360943616, 1360943871),
(30, 8, 1360943872, 1360944127),
(31, 8, 1360944128, 1360944383),
(32, 8, 1360944384, 1360944639),
(33, 8, 1360944640, 1360944895),
(34, 8, 1360944896, 1360945151),
(35, 8, 1837006848, 1837015039),
(36, 8, 1837015040, 1837023231),
(37, 8, 2996436992, 2996469759),
(38, 8, 3573301248, 3573303295),
(39, 8, 3573303296, 3573305343),
(40, 8, 3573305344, 3573307391),
(41, 9, 775454720, 775471103),
(42, 9, 775471104, 775487487),
(43, 9, 1296704512, 1296705535),
(44, 9, 2997059584, 2997075967),
(45, 9, 2997075968, 2997092351),
(46, 10, 775421952, 775430143),
(47, 10, 775430144, 775438335),
(48, 10, 775438336, 775446527),
(49, 10, 775446528, 775454719),
(50, 10, 785907712, 785940479),
(51, 10, 785940480, 785973247),
(52, 10, 1476194816, 1476195071),
(53, 10, 1476195072, 1476195327),
(54, 10, 2997387264, 2997403647),
(55, 10, 2997403648, 2997420031),
(56, 11, 779223040, 779354111),
(57, 11, 1551106048, 1551237119),
(58, 11, 1845100544, 1845166079),
(59, 11, 3157131264, 3157164031),
(60, 11, 3157164032, 3157196799),
(61, 11, 3558301696, 3558309887),
(62, 12, 1383164416, 1383164671),
(63, 12, 1383164672, 1383164927),
(64, 12, 1383168256, 1383168511),
(65, 12, 1383168512, 1383169023),
(66, 12, 1506576640, 1506576895),
(67, 12, 1506578432, 1506582527),
(68, 13, 1354432512, 1354461183),
(69, 13, 1484816384, 1484849151),
(70, 14, 1293418496, 1293549567),
(71, 14, 1347682304, 1347682975),
(72, 14, 1356988416, 1356990463),
(73, 14, 1356991488, 1356991999),
(74, 14, 1356992512, 1356995583),
(75, 14, 1356996608, 1357004799),
(76, 14, 1357004800, 1357053951),
(77, 14, 1522139136, 1522270207),
(78, 14, 2332491776, 2332557311),
(79, 14, 3286827008, 3286892543),
(80, 15, 3264626688, 3264627711),
(81, 15, 3268149248, 3268165631),
(82, 15, 3268149760, 3268150015),
(83, 15, 3268154880, 3268155135),
(84, 16, 780337152, 780369919),
(85, 16, 780369920, 780402687),
(86, 16, 3645317120, 3645318015),
(87, 17, 1404043264, 1404045311),
(88, 17, 1404189184, 1404189695),
(89, 17, 1404802048, 1404802559),
(90, 17, 1518961664, 1518962175),
(91, 17, 3563790336, 3563791295),
(92, 17, 3580208128, 3580208639),
(93, 17, 3580252672, 3580254207),
(94, 18, 1538809856, 1538810879),
(95, 19, 1536655360, 1536659455),
(96, 19, 3561527296, 3561527423),
(97, 19, 3561527424, 3561527551),
(98, 20, 1365221376, 1365222399),
(99, 20, 1365222400, 1365223423),
(100, 21, 785514496, 785547263),
(101, 21, 1046085632, 1046151167),
(102, 21, 1358598144, 1358600191),
(103, 21, 1358598144, 1358602239),
(104, 21, 1596129280, 1596162047),
(105, 21, 1596162048, 1596178431),
(106, 21, 1596178432, 1596194815),
(107, 21, 1845297152, 1845362687),
(108, 21, 3566648512, 3566648543),
(109, 21, 3566648544, 3566648575),
(110, 21, 3566652160, 3566652223),
(111, 22, 1358331904, 1358332927),
(112, 23, 37093376, 37158911),
(113, 23, 1382458624, 1382461439),
(114, 23, 1839235072, 1839267839),
(115, 23, 3228960768, 3228961791),
(116, 24, 1436524544, 1436526591),
(117, 24, 1535600128, 1535600383),
(118, 24, 3158362112, 3158362367),
(119, 24, 3158362368, 3158362623),
(120, 24, 3240742912, 3240743423),
(121, 25, 3266342656, 3266342911),
(122, 26, 1427823616, 1427824639),
(123, 26, 1833427200, 1833427455),
(124, 26, 1833427456, 1833427967),
(125, 26, 1833428480, 1833428735),
(126, 26, 1833428736, 1833428991),
(127, 27, 1296711680, 1296711935),
(128, 27, 1296712448, 1296712703),
(129, 27, 3557661440, 3557661695),
(130, 27, 3566895104, 3566895359),
(131, 27, 3566897792, 3566897919),
(132, 27, 3566904064, 3566904319),
(133, 27, 3587391488, 3587407871),
(134, 28, 38273024, 38535167),
(135, 28, 38535168, 38600703),
(136, 28, 38535168, 38666239),
(137, 28, 38666240, 38682623),
(138, 28, 38682624, 38699007),
(139, 28, 38699008, 38731775),
(140, 28, 38731776, 38797311),
(141, 28, 1539950592, 1539951103),
(142, 28, 1539950592, 1539951615),
(143, 28, 3261777408, 3261777919),
(144, 28, 3274702592, 3274702847),
(145, 28, 3566900480, 3566900543),
(146, 29, 1597564928, 1597565055),
(147, 29, 3282180608, 3282181119),
(148, 29, 3566895360, 3566895615),
(149, 30, 3588390912, 3588391935),
(150, 30, 3588393984, 3588395519),
(151, 30, 3588400544, 3588400575),
(152, 30, 3588406784, 3588407295),
(153, 31, 1054132224, 1054132479),
(154, 31, 1054132224, 1054133247),
(155, 31, 1054132736, 1054132991),
(156, 31, 1054133248, 1054134271),
(157, 31, 3266322432, 3266322687),
(158, 31, 3266322432, 3266330623),
(159, 31, 3266327040, 3266327295),
(160, 31, 3559877376, 3559877631),
(161, 32, 1334173696, 1334177536),
(162, 32, 1357905920, 1357908991),
(163, 32, 1357908992, 1357910015),
(164, 32, 1360859136, 1360860159),
(165, 32, 1360860160, 1360861183),
(166, 32, 1360861184, 1360862207),
(167, 32, 1360862208, 1360863231),
(168, 32, 1404876288, 1404876799),
(169, 32, 1518510080, 1518514175),
(170, 32, 1518960640, 1518961663),
(171, 32, 3580100608, 3580362751),
(172, 32, 3580231936, 3580232191),
(173, 32, 3580233216, 3580233727),
(174, 32, 3580235264, 3580235775),
(175, 32, 3580235776, 3580236799),
(176, 32, 3580237568, 3580237823),
(177, 32, 3580354560, 3580362751),
(178, 32, 3582117888, 3582118911),
(179, 32, 3582118912, 3582119423),
(180, 32, 3582121984, 3582124031),
(181, 33, 1410269184, 1410334719),
(182, 34, 3562889216, 3562889983),
(183, 34, 3562889472, 3562889727),
(184, 34, 3562890240, 3562890751),
(185, 34, 3562890752, 3562891007),
(186, 35, 1404215296, 1404219391),
(187, 35, 1404803072, 1404803583),
(188, 35, 1518514176, 1518516223),
(189, 35, 3580214272, 3580214783),
(190, 35, 3580231680, 3580231935),
(191, 35, 3580232192, 3580232447),
(192, 35, 3580232448, 3580233215),
(193, 35, 3580236800, 3580237567),
(194, 35, 3580239360, 3580239871),
(195, 36, 1336598528, 1336599521),
(196, 36, 1336599552, 1336600545),
(197, 36, 1586200576, 1586208767),
(198, 36, 2991341568, 2991349759),
(199, 37, 1592999936, 1593008127),
(200, 37, 1593008128, 1593012223),
(201, 37, 1593012224, 1593016319),
(202, 37, 3162705920, 3162710015),
(203, 37, 3162718208, 3162734591),
(204, 37, 3253712384, 3253712895),
(205, 38, 1311332352, 1311333375),
(206, 38, 1349763072, 1349771263),
(207, 38, 1432092672, 1432094719),
(208, 38, 1432096768, 1432098815),
(209, 38, 1432098816, 1432100863),
(210, 38, 1509752832, 1509756927),
(211, 38, 1509752832, 1509769215),
(212, 38, 1536516096, 1536518143),
(213, 38, 1536518144, 1536519167),
(214, 38, 1536519424, 1536519679),
(215, 38, 1536519680, 1536519935),
(216, 38, 1536519936, 1536520191),
(217, 38, 1536522240, 1536523263),
(218, 38, 1536523264, 1536524287),
(219, 38, 1545863168, 1545879551),
(220, 38, 1545879552, 1545895935),
(221, 38, 1572679680, 1572681727),
(222, 38, 1582104576, 1582120959),
(223, 38, 1585404928, 1585405951),
(224, 38, 1592651008, 1592651263),
(225, 38, 1592655104, 1592655359),
(226, 38, 1592655360, 1592655615),
(227, 38, 1844141568, 1844142079),
(228, 38, 3247084544, 3247085567),
(229, 38, 3272918016, 3272918527),
(230, 38, 3564679168, 3564679423),
(231, 38, 3565250048, 3565250559),
(232, 38, 3565250560, 3565254655),
(233, 39, 3582427136, 3582431103),
(234, 40, 1306001408, 1306132479),
(235, 40, 1306132480, 1306136575),
(236, 40, 1357732464, 1357732479),
(237, 40, 1404174336, 1404182527),
(238, 40, 1404188672, 1404189183),
(239, 40, 1404190720, 1404198911),
(240, 40, 1404210176, 1404211199),
(241, 40, 1404211200, 1404212223),
(242, 40, 1404219392, 1404220415),
(243, 40, 1404220416, 1404223487),
(244, 40, 1404225536, 1404227071),
(245, 40, 1404227584, 1404232191),
(246, 40, 1404237824, 1404239871),
(247, 40, 1404239872, 1404272639),
(248, 40, 1404272640, 1404305407),
(249, 40, 1404321792, 1404338175),
(250, 40, 1404420096, 1404436479),
(251, 40, 1404692480, 1404694527),
(252, 40, 1404829696, 1404837887),
(253, 40, 1404837888, 1404846079),
(254, 40, 1404846080, 1404854271),
(255, 40, 1404854272, 1404862463),
(256, 40, 1404862464, 1404870655),
(257, 40, 1404870656, 1404872703),
(258, 40, 1404874752, 1404875775),
(259, 40, 1404875776, 1404876287),
(260, 40, 1518600192, 1518632959),
(261, 40, 1518665728, 1518698495),
(262, 40, 1518698496, 1518714879),
(263, 40, 1518714880, 1518723071),
(264, 40, 1518723072, 1518727167),
(265, 40, 1518927872, 1518944255),
(266, 40, 1518944256, 1518960639),
(267, 40, 1518993408, 1519058943),
(268, 40, 1519058944, 1519124479),
(269, 40, 1519124480, 1519190015),
(270, 40, 1519321088, 1519386623),
(271, 40, 1559324832, 1559324839),
(272, 40, 2197028864, 2197094399),
(273, 40, 3277993032, 3277993039),
(274, 40, 3566723072, 3566723327),
(275, 40, 3572996368, 3572996383),
(276, 40, 3580203520, 3580204543),
(277, 40, 3580280832, 3580297215),
(278, 40, 3580297216, 3580329983),
(279, 41, 1489879040, 1489883135),
(280, 41, 1494507776, 1494508031),
(281, 41, 1506570240, 1506574335),
(282, 41, 1519796224, 1519800319),
(283, 41, 3564676832, 3564676863),
(284, 42, 1294073856, 1294204927),
(285, 42, 1297219584, 1297285119),
(286, 42, 1332281344, 1332346879),
(287, 42, 1386348544, 1386414079),
(288, 42, 1449525248, 1449590783),
(289, 42, 1545961472, 1545994239),
(290, 42, 1598423040, 1598455807),
(291, 43, 1347599104, 1347599359),
(292, 43, 1360162816, 1360163839),
(293, 43, 1360163840, 1360164351),
(294, 43, 1360164352, 1360166910),
(295, 43, 1407867392, 1407867647),
(296, 43, 1506746368, 1506747391),
(297, 43, 3274599168, 3274599423),
(298, 43, 3274600448, 3274600703),
(299, 43, 3588519936, 3588520447),
(300, 44, 1042388736, 1042388991),
(301, 44, 1357732496, 1357732511),
(302, 44, 1385655288, 1385655295),
(303, 44, 1406984192, 1406985215),
(304, 44, 1433657344, 1433657599),
(305, 44, 1433662208, 1433662463),
(306, 44, 1433663488, 1433663743),
(307, 44, 1505550336, 1505551359),
(308, 44, 3287253376, 3287253391),
(309, 44, 3648405504, 3648406527),
(310, 44, 3648406528, 3648407551),
(311, 44, 3648408576, 3648409599),
(312, 44, 3648409600, 3648410623),
(313, 44, 3648410624, 3648411647),
(314, 44, 3648411648, 3648412671),
(315, 44, 3648412672, 3648413695),
(316, 44, 3650404352, 3650405375),
(317, 45, 1346736128, 1346737151),
(318, 45, 1346737152, 1346737663),
(319, 45, 1346738688, 1346739199),
(320, 45, 1346739200, 1346739711),
(321, 45, 1536098304, 1536102399),
(322, 45, 1536098816, 1536099327),
(323, 45, 1536099328, 1536099839),
(324, 46, 1360678912, 1360683007),
(325, 46, 1388851200, 1388851455),
(326, 46, 1509527552, 1509528575),
(327, 46, 3278955480, 3278955515),
(328, 46, 3278960128, 3278960383),
(329, 47, 1402273792, 1402275839),
(330, 47, 1402275840, 1402276863),
(331, 47, 1402277888, 1402278911),
(332, 47, 1402278912, 1402279935),
(333, 47, 1402279936, 1402280959),
(334, 47, 1402280960, 1402281983),
(335, 47, 1402281984, 1402283007),
(336, 47, 1402283008, 1402284031),
(337, 47, 1402284032, 1402285055),
(338, 47, 1402285056, 1402286079),
(339, 47, 1402286080, 1402287103),
(340, 47, 1402287104, 1402288127),
(341, 47, 1407848448, 1407849215),
(342, 47, 1427800064, 1427801087),
(343, 47, 1427801088, 1427802111),
(344, 47, 1427802112, 1427804159),
(345, 47, 1427804160, 1427804415),
(346, 47, 1427805184, 1427806207),
(347, 47, 1427806208, 1427807231),
(348, 47, 1427808256, 1427809279),
(349, 47, 1427809280, 1427810303),
(350, 47, 1427810304, 1427812351),
(351, 47, 1427812352, 1427813375),
(352, 47, 1427813376, 1427814399),
(353, 47, 1427814400, 1427815423),
(354, 47, 1427819520, 1427819775),
(355, 47, 1427824640, 1427825663),
(356, 47, 1427826688, 1427828735),
(357, 47, 1427828736, 1427829759),
(358, 47, 3251233792, 3251234815),
(359, 48, 1566550016, 1566552063),
(360, 48, 3564238848, 3564239871),
(361, 48, 3650368256, 3650368511),
(362, 48, 3650368512, 3650368767),
(363, 49, 1347126528, 1347127167),
(364, 49, 1347677184, 1347678207),
(365, 49, 1360933376, 1360933887),
(366, 49, 1410457600, 1410459647),
(367, 49, 1500315648, 1500332031),
(368, 49, 1535627776, 1535628031),
(369, 49, 1603903488, 1603907583),
(370, 49, 1603907584, 1603911679),
(371, 49, 3258356736, 3258357759),
(372, 49, 3273026560, 3273027583),
(373, 49, 3276428288, 3276428543),
(374, 49, 3277188608, 3277188863),
(375, 49, 3277989440, 3277989503),
(376, 49, 3287259392, 3287259647),
(377, 49, 3562834688, 3562834879),
(378, 49, 3562834880, 3562834943),
(379, 49, 3578831872, 3578832127),
(380, 49, 3579248640, 3579258879),
(381, 49, 3579259392, 3579265535),
(382, 49, 3579267072, 3579267935),
(383, 49, 3579268096, 3579268607),
(384, 49, 3579269120, 3579273215),
(385, 49, 3579277824, 3579278335),
(386, 49, 3579281408, 3579283455),
(387, 49, 3579283456, 3579285503),
(388, 49, 3579297792, 3579299839),
(389, 49, 3641237504, 3641240575),
(390, 49, 3641240576, 3641241599),
(391, 49, 3641283968, 3641284031),
(392, 49, 3645018112, 3645019135),
(393, 49, 3645020160, 3645022207),
(394, 49, 3645566976, 3645569023),
(395, 49, 3645569280, 3645569535),
(396, 49, 3645569536, 3645569791),
(397, 49, 3645569792, 3645570047),
(398, 49, 3645570816, 3645571071),
(399, 49, 3647698432, 3647698687),
(400, 50, 1310555648, 1310555903),
(401, 50, 1389383040, 1389383167),
(402, 50, 1551630336, 1551892479),
(403, 50, 1585442816, 1585443839),
(404, 50, 1592803328, 1592811519),
(405, 50, 1592811520, 1592815615),
(406, 50, 1592815616, 1592817663),
(407, 50, 1592817664, 1592817919),
(408, 50, 1592817664, 1592818687),
(409, 50, 1592818048, 1592818175),
(410, 50, 1592818176, 1592818431),
(411, 50, 3267008512, 3267008767),
(412, 50, 3557253120, 3557255167),
(413, 51, 1432330240, 1432334335),
(414, 52, 1310253056, 1310255103),
(415, 52, 1358118912, 1358119423),
(416, 52, 1358119680, 1358123007),
(417, 52, 1500205056, 1500207103),
(418, 52, 1566050560, 1566050815),
(419, 52, 1835916032, 1835916287),
(420, 52, 1835916288, 1835916543),
(421, 52, 1835916544, 1835916799),
(422, 52, 1835916800, 1835917055),
(423, 52, 1835917056, 1835917311),
(424, 53, 1438682304, 1438682335),
(425, 53, 3582418944, 3582422911),
(426, 54, 1310210048, 1310211071),
(427, 54, 1310210048, 1310212095),
(428, 54, 1412399104, 1412415487),
(429, 54, 1412413440, 1412413951),
(430, 54, 1441609984, 1441610239),
(431, 54, 1607928832, 1607929855),
(432, 54, 3260286336, 3260286463),
(433, 54, 3645731072, 3645731079),
(434, 55, 1506762752, 1506764799),
(435, 55, 3557253120, 3557261311),
(436, 56, 1178337280, 1178562559),
(437, 56, 1566410752, 1566411775),
(438, 56, 1566412288, 1566412799),
(439, 57, 1294467072, 1294499839),
(440, 57, 1334149120, 1334157311),
(441, 57, 1357512704, 1357545471),
(442, 57, 1389385856, 1389385983),
(443, 57, 1486078976, 1486093823),
(444, 57, 1489534976, 1489567743),
(445, 57, 1503100928, 1503117311),
(446, 57, 1509867520, 1509883903),
(447, 57, 1560051712, 1560084479),
(448, 57, 1598259200, 1598291967),
(449, 57, 1599340544, 1599348735),
(450, 57, 3282161664, 3282163711),
(451, 58, 1336588288, 1336590335),
(452, 58, 1336588544, 1336588607),
(453, 58, 3245279744, 3245280255),
(454, 58, 3641421824, 3641425919),
(455, 58, 3641422080, 3641422335),
(456, 59, 1426685952, 1426688511),
(457, 60, 3287705088, 3287705599),
(458, 61, 1407107072, 1407115263),
(459, 61, 1539889152, 1539890175),
(460, 61, 1833232384, 1833232639),
(461, 61, 3245296640, 3245297151),
(462, 61, 3564240896, 3564241407),
(463, 62, 3641188352, 3641190399),
(464, 63, 3253698560, 3253699071),
(465, 63, 3588472832, 3588489215),
(466, 64, 783876096, 783892479),
(467, 64, 783892480, 783908863),
(468, 64, 785580032, 785645567),
(469, 64, 1360465920, 1360467967),
(470, 64, 1360467968, 1360470015),
(471, 64, 1587085312, 1587118079),
(472, 64, 1587085312, 1587150847),
(473, 64, 1839333376, 1839349759),
(474, 64, 1839333376, 1839366143),
(475, 64, 2995322880, 2995355647),
(476, 64, 2995355648, 2995388415),
(477, 64, 3240705024, 3240706047),
(478, 65, 1333559296, 1333575679),
(479, 65, 1333575680, 1333592063),
(480, 65, 1486487552, 1486553087),
(481, 65, 1486553088, 1486618623),
(482, 65, 1536278528, 1536286719),
(483, 65, 1536286720, 1536294911),
(484, 65, 3560611840, 3560612095),
(485, 65, 3560612352, 3560612863),
(486, 65, 3560612864, 3560613887),
(487, 65, 3560613888, 3560615935),
(488, 65, 3560615936, 3560620031),
(489, 66, 529530880, 529547263),
(490, 66, 529530880, 529596415),
(491, 66, 780468224, 780517375),
(492, 66, 780517376, 780533759),
(493, 66, 1295253504, 1295319039),
(494, 66, 1295269888, 1295286271),
(495, 66, 1295302656, 1295319039),
(496, 66, 1358905344, 1358905471),
(497, 66, 1358905344, 1358909439),
(498, 66, 1358907392, 1358907647),
(499, 66, 1358907648, 1358907903),
(500, 66, 1358907904, 1358908159),
(501, 66, 1358908160, 1358908415),
(502, 66, 1358908416, 1358908671),
(503, 66, 1358908672, 1358908927),
(504, 66, 1358908928, 1358909183),
(505, 66, 1358909184, 1358909439),
(506, 66, 1490436096, 1490444287),
(507, 66, 1490444288, 1490452479),
(508, 66, 1601011712, 1601015807),
(509, 66, 1601011712, 1601019903),
(510, 66, 1601015808, 1601017855),
(511, 66, 1601017856, 1601018111),
(512, 66, 1601018112, 1601018367),
(513, 66, 1601018368, 1601018623),
(514, 66, 1601018624, 1601018879),
(515, 66, 1601018880, 1601019135),
(516, 66, 1601019136, 1601019391),
(517, 66, 1601019392, 1601019647),
(518, 66, 1601019648, 1601019903),
(519, 66, 1601019904, 1601028095),
(520, 66, 1601028096, 1601036287),
(521, 66, 1601036288, 1601044479),
(522, 66, 2995060736, 2995077119),
(523, 66, 2995077120, 2995085311),
(524, 66, 2995085312, 2995093503),
(525, 66, 2995093504, 2995109887),
(526, 66, 2995109888, 2995118079),
(527, 66, 2995118080, 2995126271),
(528, 67, 1481736192, 1481744383),
(529, 68, 1384417280, 1384417791),
(530, 68, 1384417792, 1384418047),
(531, 68, 1384418048, 1384418303),
(532, 68, 1384431616, 1384432127),
(533, 68, 1384436224, 1384436735),
(534, 68, 1384444416, 1384444927),
(535, 68, 1384445952, 1384446463),
(536, 68, 3651895296, 3651899391),
(537, 69, 1840513024, 1840545791),
(538, 69, 3240329216, 3240333311),
(539, 70, 2516451328, 2516516863),
(540, 70, 2992832512, 2992898047),
(541, 70, 2993160192, 2993422335),
(542, 70, 2993422336, 2993684479),
(543, 71, 3568795648, 3568799999),
(544, 72, 1357057536, 1357058047),
(545, 72, 1449189888, 1449193471),
(546, 72, 1590165504, 1590689791),
(547, 72, 3286564864, 3286630399),
(548, 72, 3286625536, 3286626047),
(549, 72, 3576299520, 3576365055),
(550, 73, 2036609024, 2036611071),
(551, 73, 3582558848, 3582558911),
(552, 74, 787578880, 787595263),
(553, 74, 2991489024, 2991493119),
(554, 74, 2991493120, 2991497215),
(555, 74, 2991497216, 2991501311),
(556, 74, 2991501312, 2991505407),
(557, 74, 3161702400, 3161718783),
(558, 74, 3161702912, 3161703167),
(559, 74, 3161703168, 3161703423),
(560, 74, 3161704448, 3161704703),
(561, 75, 701677568, 701693951),
(562, 76, 3358703616, 3358711807),
(563, 77, 1347104768, 1347106815),
(564, 77, 3257957376, 3257961471),
(565, 78, 3562997616, 3562997631),
(566, 78, 3584180224, 3584181247),
(567, 79, 982614016, 982622207),
(568, 80, 3394322432, 3394326527),
(569, 81, 1844166656, 1844168703),
(570, 82, 3286114304, 3286122495),
(571, 83, 1365071360, 1365071423),
(572, 84, 3397781504, 3397783551),
(573, 85, 1998462976, 1998467071),
(574, 85, 3392668672, 3392669695),
(575, 86, 982628352, 982630399),
(576, 87, 3648077824, 3648086015),
(577, 88, 3166437376, 3166502911),
(578, 88, 3645432832, 3645433855),
(579, 89, 1433845760, 1433846015),
(580, 89, 1433846016, 1433846271),
(581, 90, 3588362240, 3588366335),
(582, 90, 3588366336, 3588374527),
(583, 91, 1384726528, 1384742911),
(584, 92, 1401436160, 1401438207),
(585, 93, 3399491584, 3399495679),
(586, 94, 3360251904, 3360253951),
(587, 95, 1254490112, 1254555647),
(588, 96, 3636887552, 3636895743),
(589, 97, 702465024, 702465087),
(590, 98, 3548905472, 3549429759),
(591, 98, 3549134848, 3549167615),
(592, 98, 3670540288, 3671064575),
(593, 98, 3670843392, 3670867967),
(594, 98, 3716329472, 3716337663),
(595, 98, 3719299072, 3719823359),
(596, 101, 1007501312, 1007517695),
(597, 101, 3396075520, 3396141055),
(598, 101, 3545890816, 3546415103),
(599, 101, 3703570432, 3704619007),
(600, 102, 1294911488, 1294917631),
(601, 102, 3569876992, 3569942527),
(602, 102, 3569893632, 3569893887),
(603, 103, 1307778048, 1307779071),
(604, 104, 3558825984, 3558826239),
(605, 104, 3642433536, 3642434559),
(606, 105, 3587145728, 3587153407),
(607, 106, 1430650880, 1430781951),
(608, 106, 1436549120, 1436614655),
(609, 106, 1436614656, 1436680191),
(610, 106, 1482948608, 1483210751),
(611, 106, 1833959424, 1834090495),
(612, 106, 2698641408, 2698706943),
(613, 107, 1049427968, 1049428095),
(614, 107, 1049428096, 1049428223),
(615, 107, 1494746112, 1494746367),
(616, 107, 1494746368, 1494746623),
(617, 107, 1494746624, 1494746879),
(618, 107, 1494746880, 1494747135),
(619, 108, 780599296, 780601343),
(620, 108, 780601344, 780603391),
(621, 108, 780603392, 780605439),
(622, 108, 780605440, 780607487),
(623, 108, 780607488, 780609535),
(624, 108, 780611584, 780613631),
(625, 108, 780613632, 780615679),
(626, 108, 780617728, 780619775),
(627, 108, 780619776, 780621823),
(628, 108, 780621824, 780623871),
(629, 108, 780623872, 780625919),
(630, 108, 780625920, 780627967),
(631, 108, 780627968, 780630015),
(632, 108, 780630016, 780632063),
(633, 108, 780636160, 780638207),
(634, 108, 780638208, 780640255),
(635, 108, 780642304, 780644351),
(636, 108, 780646400, 780648447),
(637, 108, 780648448, 780650495),
(638, 108, 780652544, 780654591),
(639, 108, 780654592, 780656639),
(640, 108, 780658688, 780660735),
(641, 108, 780660736, 780662783),
(642, 108, 780662784, 780664831),
(643, 108, 3160375264, 3160375295),
(644, 108, 3645744128, 3645744639),
(645, 109, 3562555392, 3562555903),
(646, 110, 3582736384, 3582737407),
(647, 111, 3357065216, 3357073407),
(648, 111, 3357069664, 3357069695),
(649, 112, 697827328, 697958399),
(650, 113, 699531264, 699563519),
(651, 114, 693829632, 693895167),
(652, 114, 698056704, 698089471),
(653, 114, 702448128, 702448383),
(654, 114, 2742648832, 2742681599),
(655, 115, 701399040, 701407231),
(656, 116, 1343946752, 1343979519),
(657, 116, 3269466624, 3269466879),
(658, 116, 3275173632, 3275173695),
(659, 117, 3582929920, 3582935039),
(660, 118, 1045898496, 1045898751),
(661, 118, 1045913088, 1045913343),
(662, 118, 3567681536, 3567714303),
(663, 119, 1604968448, 1604972543),
(664, 119, 1604972544, 1604976639),
(665, 119, 3651665920, 3651667263),
(666, 119, 3651667456, 3651669311),
(667, 120, 1049493504, 1049495551),
(668, 120, 1354366976, 1354432511),
(669, 120, 1424359424, 1424490495),
(670, 120, 3584108544, 3584109567),
(671, 121, 1053392896, 1053393407),
(672, 121, 1053392896, 1053401087),
(673, 121, 1053395200, 1053395455),
(674, 122, 1342832640, 1342844927),
(675, 122, 1515491328, 1515492095),
(676, 122, 3254619392, 3254619647),
(677, 123, 1350402048, 1350418431),
(678, 123, 3279123456, 3279124479),
(679, 124, 1586475008, 1586475775),
(680, 124, 1840381952, 1840431103),
(681, 124, 1840439296, 1840447487),
(682, 124, 2995912704, 2995978239),
(683, 124, 3282518272, 3282518527),
(684, 124, 3566747648, 3566755839),
(685, 125, 3589865472, 3589881855),
(686, 126, 3557799424, 3557799679),
(687, 126, 3562758144, 3562765311),
(688, 127, 1358192896, 1358193151),
(689, 128, 2093154304, 2093187071),
(690, 128, 3395101696, 3395102207),
(691, 129, 3399016448, 3399024639),
(692, 129, 3399020544, 3399020799),
(693, 130, 1920466944, 1920991231),
(694, 130, 3053453312, 3054501887),
(695, 130, 3389247488, 3389251583),
(696, 130, 3389248768, 3389249023),
(697, 130, 3410915328, 3410919423),
(698, 131, 3392908800, 3392909055),
(699, 132, 3565240320, 3565248511),
(700, 133, 1042817024, 1042825215),
(701, 134, 3588849664, 3588857855),
(702, 135, 456654848, 457179135),
(703, 135, 1860173824, 1860239359),
(704, 135, 1860304896, 1860370431),
(705, 135, 1969225728, 1969487871),
(706, 135, 2098392016, 2098392031),
(707, 135, 2098392960, 2098392975),
(708, 135, 2098466128, 2098466143),
(709, 135, 3415311104, 3415311359),
(710, 136, 3537150720, 3537150783),
(711, 136, 3673686016, 3673751551),
(712, 137, 469237760, 469499903),
(713, 137, 977534976, 977567743),
(714, 137, 1986428928, 1986461695),
(715, 137, 2938634240, 2938699775),
(716, 138, 3411542016, 3411550207),
(717, 139, 1886257152, 1886322686),
(718, 139, 1933942528, 1933942782),
(719, 139, 3415312064, 3415312095),
(720, 140, 3418669056, 3418685439),
(721, 140, 3418882048, 3418947583),
(722, 140, 3678404608, 3678535679),
(723, 141, 459997184, 460062719),
(724, 141, 2088501248, 2088632319),
(725, 142, 19267584, 19398655),
(726, 142, 711458816, 711983103),
(727, 142, 1914667008, 1914683391),
(728, 142, 3063676928, 3063742463),
(729, 143, 1605025792, 1605033983),
(730, 144, 1311176192, 1311176447),
(731, 144, 1315816448, 1315816703),
(732, 144, 1546268672, 1546269695),
(733, 144, 1546269696, 1546270719),
(734, 145, 1438187520, 1438253055),
(735, 146, 1378877440, 1379926015),
(736, 146, 1459617792, 1461714943),
(737, 146, 1587544064, 1587806207),
(738, 146, 1587806208, 1588068351),
(739, 146, 3575250944, 3575316479),
(740, 146, 3653763072, 3654025215),
(741, 147, 1407188992, 1407320063),
(742, 147, 1569849344, 1569980415),
(743, 147, 1836056576, 1836318719),
(744, 148, 2536505344, 2536570879),
(745, 148, 2537095168, 2537160703),
(746, 148, 2538602496, 2538668031),
(747, 148, 2538668032, 2538733567),
(748, 148, 2538733568, 2538799103),
(749, 148, 2538799104, 2538864639),
(750, 148, 3285336064, 3285343231),
(751, 148, 3566010368, 3566075903),
(752, 149, 1348117504, 1348117759),
(753, 150, 3582672832, 3582672895),
(754, 151, 2036858880, 2037383167),
(755, 151, 3724541952, 3725590527),
(756, 152, 3301560320, 3301561343),
(757, 153, 3264750592, 3264751103),
(758, 154, 1586480384, 1586480639),
(759, 154, 3583085312, 3583085567),
(760, 154, 3642560512, 3642561535),
(761, 155, 3263051009, 3263051263),
(762, 155, 3582255104, 3582263295),
(763, 156, 3645223936, 3645225983),
(764, 157, 3082182656, 3082190847),
(765, 158, 3415858176, 3415859199),
(766, 159, 3397511168, 3397512191),
(767, 160, 3393568768, 3393572863),
(768, 161, 3561111552, 3561119487),
(769, 162, 701518336, 701518463),
(770, 162, 1055924224, 1055932415),
(771, 163, 3289169920, 3289186303),
(772, 164, 3582559360, 3582559487),
(773, 165, 1598095360, 1598128127),
(774, 165, 3241071616, 3241071871),
(775, 166, 1054687232, 1054695423),
(776, 166, 1054695424, 1054703455),
(777, 166, 1348401152, 1348403199),
(778, 166, 1603878912, 1603887103),
(779, 166, 1603887104, 1603895295),
(780, 166, 3641954304, 3641955583),
(781, 166, 3641955840, 3641958143),
(782, 167, 3556818944, 3556819199),
(783, 167, 3556821248, 3556821503),
(784, 168, 1334796288, 1334800383),
(785, 169, 1050804224, 1050869759),
(786, 169, 1050836224, 1050836479),
(787, 169, 1604059136, 1604067327),
(788, 170, 3411767296, 3411769343),
(789, 171, 3397640192, 3397648383),
(790, 172, 3184066560, 3184099327),
(791, 173, 3357843712, 3357843967),
(792, 174, 3411165184, 3411173375),
(793, 175, 1940127744, 1940193279),
(794, 175, 3057516544, 3057647615),
(795, 175, 3411836928, 3411845119),
(796, 176, 977764352, 977797119),
(797, 176, 1909587968, 1909719039),
(798, 176, 2037907456, 2038169599),
(799, 176, 3393945600, 3393953791),
(800, 176, 3397029888, 3397033983),
(801, 177, 702234624, 702251007),
(802, 178, 3291410432, 3291412479),
(803, 179, 1358904576, 1358904701),
(804, 180, 701366272, 701374463),
(805, 180, 702302976, 702303231),
(806, 181, 2433212416, 2433213439),
(807, 182, 1425137920, 1425138431),
(808, 183, 1049395200, 1049402111),
(809, 184, 1293090816, 1293156351),
(810, 184, 3163815936, 3163947007),
(811, 184, 3557920768, 3557921023),
(812, 184, 3559489536, 3559497727),
(813, 185, 1493696512, 1493762047),
(814, 185, 1493696512, 1493803007),
(815, 185, 3567861760, 3567878143),
(816, 186, 1509835008, 1509835263),
(817, 186, 1536495616, 1536499711),
(818, 187, 999751680, 999784447),
(819, 187, 1090494464, 1090502655),
(820, 187, 1090499584, 1090499839),
(821, 187, 1357411584, 1357411839),
(822, 187, 1357902336, 1357902847),
(823, 187, 1385287680, 1385289727),
(824, 187, 1540055040, 1540056063),
(825, 187, 1593212416, 1593212927),
(826, 187, 1950011392, 1950015487),
(827, 187, 3283979776, 3283980287),
(828, 188, 3393601536, 3393609727),
(829, 189, 3393830912, 3393835007),
(830, 190, 1055375360, 1055391743),
(831, 191, 3386900480, 3386966015),
(832, 192, 3362529280, 3362533375),
(833, 193, 3358588928, 3358654463),
(834, 194, 3417398016, 3417398271),
(835, 195, 3393521664, 3393523711),
(836, 196, 3397222400, 3397230591),
(837, 196, 3413907456, 3413909503),
(838, 196, 3715678208, 3715694591),
(839, 196, 3716445440, 3716445503),
(840, 197, 1406951680, 1406951935),
(841, 197, 2998140928, 2998337535),
(842, 197, 3583950848, 3583951871),
(843, 197, 3583951872, 3583952127),
(844, 197, 3583952128, 3583954175),
(845, 199, 1500299264, 1500315647),
(846, 199, 1593737216, 1593753599),
(847, 199, 1844641792, 1844674559),
(848, 199, 1844674560, 1844707327),
(849, 199, 3156279296, 3156344831),
(850, 200, 1299185664, 1299316735),
(851, 200, 1299316736, 1299447807),
(852, 200, 1596456960, 1596522495),
(853, 200, 1596522496, 1596588031),
(854, 200, 3556925440, 3556927455),
(855, 201, 1465925632, 1465942015),
(856, 201, 1532887040, 1532919807),
(857, 201, 1532919808, 1532952575),
(858, 201, 3648284672, 3648286719),
(859, 202, 1138192128, 1138192383),
(860, 203, 3589554176, 3589570559),
(861, 204, 1051279872, 1051279999),
(862, 204, 1051280128, 1051280383),
(863, 205, 1507196928, 1507213311),
(864, 205, 1507254272, 1507258367),
(865, 205, 1559904256, 1559920639),
(866, 205, 1598357504, 1598373887),
(867, 205, 1598373888, 1598390271),
(868, 205, 3163291648, 3163308031),
(869, 205, 3259072000, 3259072255),
(870, 206, 1295384576, 1295392767),
(871, 206, 1295392768, 1295400959),
(872, 206, 1295425536, 1295433727),
(873, 206, 1403920864, 1403920895),
(874, 206, 1403922432, 1403922687),
(875, 206, 1403923712, 1403923967),
(876, 206, 1466369536, 1466370047),
(877, 206, 1466384896, 1466385407),
(878, 206, 3575513088, 3575545855),
(879, 207, 3355703296, 3355705343),
(880, 208, 1315176448, 1315307519),
(881, 209, 1433948928, 1433949183),
(882, 210, 1054471424, 1054471679),
(883, 210, 1054471936, 1054472191),
(884, 210, 1568309248, 1568342015),
(885, 210, 1839628288, 1839661055),
(886, 211, 3253117184, 3253117439),
(887, 211, 3588833792, 3588834047),
(888, 211, 3588838656, 3588838911),
(889, 212, 1844772864, 1844805631),
(890, 213, 1834926080, 1834930175),
(891, 214, 1117413376, 1117421567),
(892, 214, 1571995648, 1572012031),
(893, 214, 3580688384, 3580690431),
(894, 215, 3641870112, 3641870127),
(895, 216, 1841037312, 1841102847),
(896, 216, 1841086464, 1841102847),
(897, 216, 2997878784, 2998140927),
(898, 216, 3164733440, 3164798975),
(899, 219, 1293811712, 1293942783),
(900, 219, 1424703488, 1424711679),
(901, 219, 3157262336, 3157786623),
(902, 219, 3564535808, 3564543999),
(903, 219, 3570892800, 3570925567),
(904, 220, 1048051712, 1048117247),
(905, 220, 1410818048, 1410820095),
(906, 220, 1546649600, 1546657791),
(907, 220, 1834090496, 1834221567),
(908, 220, 3162767360, 3162800127),
(909, 221, 1336553472, 1336554495),
(910, 221, 1336554496, 1336555007),
(911, 221, 1446182912, 1446248447),
(912, 222, 3290275840, 3290284031),
(913, 223, 694091776, 694157311),
(914, 223, 702531584, 702532607),
(915, 224, 1358675968, 1358680063),
(916, 225, 3225916416, 3225916671),
(917, 226, 2769616896, 2769682431),
(918, 227, 1538907392, 1538907647),
(919, 227, 3588607232, 3588607487),
(920, 227, 3588610048, 3588612095),
(921, 227, 3588614144, 3588616191),
(922, 227, 3588618240, 3588618751),
(923, 228, 3583492096, 3583508479),
(924, 228, 3583496320, 3583496447),
(925, 229, 1539260416, 1539268607),
(926, 230, 3361017856, 3361021951),
(927, 231, 3164631040, 3164635135),
(928, 232, 2989752320, 2989785087),
(929, 232, 3163275264, 3163291647),
(930, 233, 837025792, 837287935),
(931, 233, 1848705024, 1848770559),
(932, 233, 1998520320, 1998553087),
(933, 233, 3398768640, 3398770687),
(934, 234, 1867776000, 1867841535),
(935, 234, 1933770752, 1933836287),
(936, 234, 3394965504, 3394967551),
(937, 235, 3652117760, 3652118015),
(938, 235, 3652118528, 3652118783),
(939, 236, 1605177344, 1605181439),
(940, 236, 3156803584, 3156869119),
(941, 236, 3587375104, 3587379199),
(942, 236, 3587379200, 3587383295),
(943, 236, 3652070144, 3652070399),
(944, 237, 3573334016, 3573350399),
(945, 238, 1582252032, 1582260223),
(946, 239, 1359364096, 1359374335),
(947, 239, 3642747392, 3642747647),
(948, 240, 1296269312, 1296302079),
(949, 240, 1449951232, 1449983999),
(950, 240, 1491075072, 1493172223),
(951, 240, 3002073088, 3002204159),
(952, 240, 3002204160, 3002335231),
(953, 240, 3002466304, 3002597375),
(954, 240, 3157786624, 3157917695),
(955, 240, 3157917696, 3158048767),
(956, 240, 3576365056, 3576430591),
(957, 241, 778698752, 778764287),
(958, 241, 781844480, 781975551),
(959, 241, 1359372288, 1359380479),
(960, 241, 3156606976, 3156639743),
(961, 241, 3156606976, 3156672511),
(962, 241, 3156639744, 3156672511),
(963, 241, 3561063168, 3561063935),
(964, 241, 3561065632, 3561065663),
(965, 242, 2082308096, 2082324479),
(966, 243, 702481408, 702482431),
(967, 244, 3245062144, 3245063167),
(968, 244, 3276859136, 3276859391),
(969, 245, 3279992320, 3279992831),
(970, 246, 1298989056, 1299005439),
(971, 246, 1546764288, 1546766335),
(972, 246, 1546766336, 1546768383),
(973, 246, 1546776576, 1546778623),
(974, 246, 1593311232, 1593327615),
(975, 246, 1593327616, 1593343999),
(976, 246, 1839661056, 1839677439),
(977, 246, 1839677440, 1839693823),
(978, 247, 784859136, 785121279),
(979, 247, 2992373760, 2992635903),
(980, 247, 3564189696, 3564191743),
(981, 247, 3585763072, 3585763327),
(982, 247, 3585764352, 3585764607),
(983, 247, 3585764608, 3585764863),
(984, 247, 3585764864, 3585765119),
(985, 247, 3585765120, 3585765375),
(986, 248, 1572474880, 1572476927),
(987, 248, 1572476928, 1572478975),
(988, 249, 536870912, 553648127),
(989, 249, 1114021888, 1114030079),
(990, 249, 3518439424, 3518447615),
(991, 250, 1096512512, 1096513535),
(992, 250, 1168875520, 1168883711),
(993, 251, 1089052672, 1089060863),
(994, 251, 1123631104, 1123639295),
(995, 251, 1208926208, 1208942591),
(996, 251, 1249705984, 1249771519),
(997, 252, 1110851584, 1110859775),
(998, 253, 1067450368, 1068498943),
(999, 253, 1142423552, 1142947839),
(1000, 253, 1156579328, 1157103615),
(1001, 253, 2908749824, 2910191615),
(1002, 254, 1113456640, 1113464831),
(1003, 254, 3493199872, 3493240831),
(1004, 255, 1186988032, 1189085183),
(1005, 256, 1407033600, 1407033855),
(1006, 257, 1539824896, 1539825151),
(1007, 257, 3161571328, 3161579519),
(1008, 257, 3161579520, 3161580543),
(1009, 258, 1433788416, 1433788671),
(1010, 259, 3459360000, 3459360511),
(1011, 260, 3357753344, 3357753599),
(1012, 262, 1383243776, 1383244031),
(1013, 263, 3644964864, 3644965479),
(1014, 264, 3583338496, 3583338751),
(1015, 265, 698089472, 698220543),
(1016, 266, 695205888, 696254463),
(1017, 266, 701497344, 701513727),
(1018, 266, 701500160, 701500415),
(1019, 266, 3289116416, 3289118463),
(1020, 266, 3289244672, 3289245695),
(1021, 267, 688652288, 688717823),
(1022, 267, 688914432, 688979967),
(1023, 267, 689635328, 689700863),
(1024, 267, 689831936, 689897471),
(1025, 267, 3301908480, 3301909503),
(1026, 267, 3301908480, 3301912575);

-- --------------------------------------------------------

--
-- Структура таблицы `rpg_banns`
--

CREATE TABLE IF NOT EXISTS `rpg_banns` (
  `id` int(11) NOT NULL AUTO_INCREMENT,
  `uid` int(11) DEFAULT NULL,
  `description` varchar(255) DEFAULT NULL,
  `superbann` int(1) DEFAULT NULL,
  `chatoff` int(1) DEFAULT '0',
  `blockerid` int(11) DEFAULT '0',
  `actime` datetime DEFAULT NULL,
  PRIMARY KEY (`id`)
) ENGINE=MyISAM DEFAULT CHARSET=latin1 AUTO_INCREMENT=1 ;

-- --------------------------------------------------------

--
-- Структура таблицы `rpg_botbattles`
--

CREATE TABLE IF NOT EXISTS `rpg_botbattles` (
  `id` int(11) NOT NULL AUTO_INCREMENT,
  `userID` int(11) DEFAULT NULL,
  `botID` int(11) DEFAULT '0',
  `sdate` datetime DEFAULT NULL,
  `btime` int(3) DEFAULT NULL,
  `status` int(1) DEFAULT NULL,
  `winer` int(3) DEFAULT NULL,
  `type` int(1) DEFAULT NULL,
  PRIMARY KEY (`id`),
  KEY `userID` (`userID`,`botID`,`status`,`winer`,`type`)
) ENGINE=MyISAM DEFAULT CHARSET=cp1251 AUTO_INCREMENT=1 ;

-- --------------------------------------------------------

--
-- Структура таблицы `rpg_botbattlesaction`
--

CREATE TABLE IF NOT EXISTS `rpg_botbattlesaction` (
  `id` int(11) NOT NULL AUTO_INCREMENT,
  `bid` int(11) DEFAULT '0',
  `userID` int(11) NOT NULL DEFAULT '0',
  `userBot` int(11) DEFAULT '0',
  `login` varchar(55) DEFAULT NULL,
  `lvl` int(2) DEFAULT NULL,
  `botID` int(11) DEFAULT '0',
  `userHits` int(11) NOT NULL DEFAULT '0',
  `userExp` float DEFAULT '0',
  `userDrop` float NOT NULL DEFAULT '0',
  `getitem` varchar(255) DEFAULT NULL,
  `sdate` datetime DEFAULT NULL,
  `acttime` bigint(22) DEFAULT NULL,
  `status` int(1) NOT NULL DEFAULT '0',
  PRIMARY KEY (`id`),
  KEY `bid` (`bid`,`userID`,`lvl`,`botID`,`status`)
) ENGINE=MyISAM DEFAULT CHARSET=cp1251 AUTO_INCREMENT=1 ;

-- --------------------------------------------------------

--
-- Структура таблицы `rpg_botbattleslogs`
--

CREATE TABLE IF NOT EXISTS `rpg_botbattleslogs` (
  `id` int(11) NOT NULL AUTO_INCREMENT,
  `bid` int(11) NOT NULL DEFAULT '0',
  `userID` int(1) DEFAULT '0',
  `player1` varchar(50) DEFAULT NULL,
  `player2` varchar(50) DEFAULT NULL,
  `botID` int(11) DEFAULT '0',
  `userhit` int(11) NOT NULL DEFAULT '0',
  `bothit` int(11) NOT NULL DEFAULT '0',
  `botmaghit` int(11) DEFAULT '0',
  `userblock` int(1) NOT NULL DEFAULT '0',
  `botblock` int(1) NOT NULL DEFAULT '0',
  `useract` int(1) NOT NULL DEFAULT '0',
  `botact` int(1) NOT NULL DEFAULT '0',
  `description` varchar(255) DEFAULT NULL,
  `repoint` int(11) DEFAULT '0',
  `acttime` datetime DEFAULT NULL,
  PRIMARY KEY (`id`),
  KEY `bid` (`bid`,`userID`,`botID`)
) ENGINE=MyISAM DEFAULT CHARSET=cp1251 AUTO_INCREMENT=1 ;

-- --------------------------------------------------------

--
-- Структура таблицы `rpg_bots`
--

CREATE TABLE IF NOT EXISTS `rpg_bots` (
  `bid` int(11) NOT NULL AUTO_INCREMENT,
  `rbid` int(11) DEFAULT '0',
  `name` varchar(16) DEFAULT NULL,
  `level` int(4) NOT NULL DEFAULT '0',
  `place` int(11) NOT NULL DEFAULT '0',
  `strength` int(4) NOT NULL DEFAULT '0',
  `accuracy` int(4) NOT NULL DEFAULT '0',
  `dexterity` int(4) NOT NULL DEFAULT '0',
  `blocking` int(11) DEFAULT '0',
  `ant_accuracy` int(4) NOT NULL DEFAULT '0',
  `ant_dexterity` int(4) NOT NULL DEFAULT '0',
  `ant_blocking` int(11) DEFAULT '0',
  `life` int(11) DEFAULT '0',
  `rlife` int(11) DEFAULT '0',
  `intelect` int(11) DEFAULT '0',
  `mana` int(4) DEFAULT '0',
  `bron` int(4) DEFAULT '0',
  `agres` int(1) DEFAULT '0',
  `get_exp` int(11) DEFAULT '0',
  `get_drop` float DEFAULT '0',
  `act` int(3) DEFAULT '0',
  PRIMARY KEY (`bid`),
  KEY `rbid` (`rbid`,`level`,`place`,`strength`,`accuracy`,`dexterity`,`blocking`,`ant_accuracy`,`ant_dexterity`,`ant_blocking`,`life`,`rlife`)
) ENGINE=MyISAM DEFAULT CHARSET=cp1251 AUTO_INCREMENT=1 ;

-- --------------------------------------------------------

--
-- Структура таблицы `rpg_chat`
--

CREATE TABLE IF NOT EXISTS `rpg_chat` (
  `id` int(11) NOT NULL AUTO_INCREMENT,
  `uid1` int(11) DEFAULT '0',
  `sender` varchar(255) CHARACTER SET utf8 COLLATE utf8_unicode_ci DEFAULT NULL,
  `uid2` int(11) DEFAULT '0',
  `inboxer` varchar(255) CHARACTER SET utf8 COLLATE utf8_unicode_ci DEFAULT NULL,
  `privat` int(11) NOT NULL DEFAULT '0',
  `msg` varchar(255) CHARACTER SET utf8 COLLATE utf8_unicode_ci DEFAULT 'NULL',
  `lang` int(1) DEFAULT NULL,
  `clanid` int(11) DEFAULT '0',
  `sdate` datetime DEFAULT NULL,
  PRIMARY KEY (`id`),
  KEY `uid1` (`uid1`,`uid2`,`privat`),
  KEY `lang` (`lang`)
) ENGINE=MyISAM DEFAULT CHARSET=latin1 AUTO_INCREMENT=1 ;

-- --------------------------------------------------------

--
-- Структура таблицы `rpg_clans`
--

CREATE TABLE IF NOT EXISTS `rpg_clans` (
  `id` int(11) NOT NULL AUTO_INCREMENT,
  `creator` int(11) DEFAULT '0',
  `clanname` varchar(255) DEFAULT '0',
  `claninfo` varchar(255) DEFAULT NULL,
  `clanico` varchar(255) DEFAULT '0',
  `maxusers` int(2) DEFAULT '0',
  `budjet` double(11,2) DEFAULT '0.00',
  `rating` int(11) DEFAULT '0',
  `cdate` datetime DEFAULT NULL,
  PRIMARY KEY (`id`)
) ENGINE=MyISAM DEFAULT CHARSET=cp1251 AUTO_INCREMENT=1 ;

-- --------------------------------------------------------

--
-- Структура таблицы `rpg_clanusers`
--

CREATE TABLE IF NOT EXISTS `rpg_clanusers` (
  `id` int(11) NOT NULL AUTO_INCREMENT,
  `cid` int(11) DEFAULT '0',
  `uid` int(11) DEFAULT '0',
  `requser` int(1) DEFAULT '0',
  PRIMARY KEY (`id`)
) ENGINE=MyISAM DEFAULT CHARSET=cp1251 AUTO_INCREMENT=1 ;

-- --------------------------------------------------------

--
-- Структура таблицы `rpg_duelbattleslogs`
--

CREATE TABLE IF NOT EXISTS `rpg_duelbattleslogs` (
  `id` int(11) NOT NULL AUTO_INCREMENT,
  `bid` int(11) NOT NULL DEFAULT '0',
  `user1` int(1) DEFAULT '0',
  `user2` int(11) DEFAULT '0',
  `user1hit` int(11) NOT NULL DEFAULT '0',
  `user2hit` int(11) NOT NULL DEFAULT '0',
  `user1block` int(1) NOT NULL DEFAULT '0',
  `user2block` int(1) NOT NULL DEFAULT '0',
  `user1act` int(1) NOT NULL DEFAULT '0',
  `user2act` int(1) NOT NULL DEFAULT '0',
  `description` varchar(255) DEFAULT NULL,
  `repoint` int(11) DEFAULT '0',
  `acttime` datetime DEFAULT NULL,
  PRIMARY KEY (`id`)
) ENGINE=MyISAM DEFAULT CHARSET=cp1251 AUTO_INCREMENT=1 ;

-- --------------------------------------------------------

--
-- Структура таблицы `rpg_forgeres`
--

CREATE TABLE IF NOT EXISTS `rpg_forgeres` (
  `id` int(11) NOT NULL AUTO_INCREMENT,
  `type1` int(11) DEFAULT '0',
  `type2` int(11) DEFAULT '0',
  `type3` int(11) DEFAULT '0',
  `type4` int(11) DEFAULT '0',
  `type5` int(11) DEFAULT '0',
  `type6` int(11) DEFAULT '0',
  `type7` int(11) DEFAULT '0',
  PRIMARY KEY (`id`)
) ENGINE=MyISAM  DEFAULT CHARSET=cp1251 AUTO_INCREMENT=3 ;

--
-- Дамп данных таблицы `rpg_forgeres`
--

INSERT INTO `rpg_forgeres` (`id`, `type1`, `type2`, `type3`, `type4`, `type5`, `type6`, `type7`) VALUES
(1, 0, 0, 0, 0, 0, 0, 0);

-- --------------------------------------------------------

--
-- Структура таблицы `rpg_gbusers`
--

CREATE TABLE IF NOT EXISTS `rpg_gbusers` (
  `id` int(11) NOT NULL AUTO_INCREMENT,
  `gid` int(11) DEFAULT '0',
  `userID` int(11) DEFAULT '0',
  `userBot` int(11) DEFAULT '0',
  `login` varchar(255) DEFAULT NULL,
  `lvl` int(2) DEFAULT '0',
  `team` int(1) DEFAULT '0',
  `hits` int(11) DEFAULT '0',
  `getexp` int(11) DEFAULT '0',
  `status` int(1) DEFAULT '0',
  `rate` int(4) DEFAULT '0',
  `lasthit` int(11) DEFAULT NULL,
  `travma` int(1) DEFAULT '0',
  PRIMARY KEY (`id`)
) ENGINE=MyISAM DEFAULT CHARSET=latin1 AUTO_INCREMENT=1 ;

-- --------------------------------------------------------

--
-- Структура таблицы `rpg_groupbattle`
--

CREATE TABLE IF NOT EXISTS `rpg_groupbattle` (
  `id` int(11) NOT NULL AUTO_INCREMENT,
  `minlvl` int(2) DEFAULT '0',
  `maxlvl` int(2) DEFAULT '0',
  `endtime` int(11) DEFAULT '0',
  `players` int(2) DEFAULT '0',
  `status` int(1) DEFAULT '0',
  `winner` int(1) DEFAULT NULL,
  PRIMARY KEY (`id`)
) ENGINE=MyISAM DEFAULT CHARSET=latin1 AUTO_INCREMENT=1 ;

-- --------------------------------------------------------

--
-- Структура таблицы `rpg_groupbattleslogs`
--

CREATE TABLE IF NOT EXISTS `rpg_groupbattleslogs` (
  `id` int(11) NOT NULL AUTO_INCREMENT,
  `bid` int(11) NOT NULL DEFAULT '0',
  `user1` int(1) DEFAULT '0',
  `player1` varchar(50) DEFAULT NULL,
  `user2` int(11) DEFAULT '0',
  `player2` varchar(50) DEFAULT NULL,
  `user1hit` int(11) NOT NULL DEFAULT '0',
  `user2hit` int(11) NOT NULL DEFAULT '0',
  `user1maghit` int(11) DEFAULT '0',
  `user2maghit` int(11) DEFAULT '0',
  `user1block` int(1) NOT NULL DEFAULT '0',
  `user2block` int(1) NOT NULL DEFAULT '0',
  `user1act` int(1) NOT NULL DEFAULT '0',
  `user2act` int(1) NOT NULL DEFAULT '0',
  `description` varchar(255) DEFAULT NULL,
  `repoint` int(11) DEFAULT '0',
  `acttime` datetime DEFAULT NULL,
  PRIMARY KEY (`id`)
) ENGINE=MyISAM DEFAULT CHARSET=cp1251 AUTO_INCREMENT=1 ;

-- --------------------------------------------------------

--
-- Структура таблицы `rpg_instantbattle`
--

CREATE TABLE IF NOT EXISTS `rpg_instantbattle` (
  `id` int(11) NOT NULL AUTO_INCREMENT,
  `minlvl` int(2) DEFAULT '0',
  `maxlvl` int(2) DEFAULT '0',
  `endtime` int(11) DEFAULT '0',
  `instype` int(2) DEFAULT '0',
  `usersum` int(2) DEFAULT '0',
  `status` int(1) DEFAULT '0',
  PRIMARY KEY (`id`)
) ENGINE=MyISAM DEFAULT CHARSET=cp1251 AUTO_INCREMENT=1 ;

-- --------------------------------------------------------

--
-- Структура таблицы `rpg_instantusers`
--

CREATE TABLE IF NOT EXISTS `rpg_instantusers` (
  `id` int(11) NOT NULL AUTO_INCREMENT,
  `insid` int(11) DEFAULT '0',
  `userID` int(11) DEFAULT '0',
  `login` varchar(255) DEFAULT NULL,
  `lvl` int(2) DEFAULT '0',
  PRIMARY KEY (`id`)
) ENGINE=MyISAM DEFAULT CHARSET=cp1251 AUTO_INCREMENT=1 ;

-- --------------------------------------------------------

--
-- Структура таблицы `rpg_items`
--

CREATE TABLE IF NOT EXISTS `rpg_items` (
  `itid` int(11) NOT NULL AUTO_INCREMENT,
  `itname` varchar(255) DEFAULT NULL,
  `lvl` int(11) DEFAULT '0',
  `ittype` int(11) DEFAULT '0',
  `strength_p` int(3) DEFAULT '0',
  `accuracy_p` int(3) DEFAULT '0',
  `dexterity_p` int(3) DEFAULT '0',
  `blocking_p` int(3) DEFAULT '0',
  `life_p` int(3) DEFAULT '0',
  `mana_p` int(3) DEFAULT '0',
  `ant_accuracy_p` int(3) DEFAULT '0',
  `ant_dexterity_p` int(3) DEFAULT '0',
  `ant_blocking_p` int(3) DEFAULT '0',
  `bron_p` int(3) DEFAULT '0',
  `dig_p` int(3) DEFAULT '0',
  `rest_life` int(4) DEFAULT '0',
  `rest_mana` int(4) DEFAULT '0',
  `img` varchar(255) DEFAULT NULL,
  `price` float DEFAULT '0',
  `acttime` int(11) DEFAULT '0',
  `description` varchar(255) DEFAULT NULL,
  `nore` int(1) DEFAULT '0',
  `broktime` int(11) DEFAULT '0',
  `csum` int(11) DEFAULT '0',
  PRIMARY KEY (`itid`)
) ENGINE=MyISAM  DEFAULT CHARSET=cp1251 AUTO_INCREMENT=290 ;

--
-- Дамп данных таблицы `rpg_items`
--

INSERT INTO `rpg_items` (`itid`, `itname`, `lvl`, `ittype`, `strength_p`, `accuracy_p`, `dexterity_p`, `blocking_p`, `life_p`, `mana_p`, `ant_accuracy_p`, `ant_dexterity_p`, `ant_blocking_p`, `bron_p`, `dig_p`, `rest_life`, `rest_mana`, `img`, `price`, `acttime`, `description`, `nore`, `broktime`, `csum`) VALUES
(4, 'Spiral Knife', 0, 1, 1, 0, 1, 0, 0, 0, 0, 0, 0, 0, 0, 0, 0, 'Spiral_Knife.jpg', 1, 0, NULL, 0, 5184000, 5973),
(2, 'Crook Knife', 0, 1, 1, 1, 0, 0, 0, 0, 0, 0, 0, 0, 0, 0, 0, 'Crook_Knife.jpg', 1, 0, NULL, 0, 5184000, 9084),
(5, 'Fatal Axe', 0, 1, 1, 0, 0, 1, 0, 0, 0, 0, 0, 0, 0, 0, 0, 'Fatal_Axe.jpg', 1, 0, NULL, 0, 5184000, 9735),
(6, 'Taboo Knife', 1, 1, 3, 1, 0, 0, 0, 0, 0, 0, 0, 0, 0, 0, 0, 'Taboo_Knife.jpg', 4, 0, NULL, 0, 5184000, 9932),
(7, 'Warrior Knife', 1, 1, 2, 0, 2, 0, 0, 0, 0, 0, 0, 0, 0, 0, 0, 'Warrior_Knife.jpg', 4, 0, NULL, 0, 5184000, 9954),
(28, 'Brave Knife', 5, 1, 10, 0, 10, 0, 0, 0, 5, 0, 5, 0, 0, 0, 0, 'Brave_Knife.gif', 50, 0, NULL, 0, 5184000, 9920),
(9, 'Round Axe', 1, 1, 3, 0, 0, 1, 0, 0, 0, 0, 0, 0, 0, 0, 0, 'Round_Axe.jpg', 4, 0, NULL, 0, 5184000, 9935),
(10, 'Lunatic Knife', 2, 1, 4, 3, 0, 0, 0, 0, 0, 0, 0, 0, 0, 0, 0, 'Lunatic_Knife.gif', 8, 0, NULL, 0, 5184000, 9975),
(17, 'Clear Knife', 2, 1, 4, 1, 1, 2, 0, 0, 0, 0, 0, 0, 0, 0, 0, 'Clear_Knife.gif', 8, 0, NULL, 0, 5184000, 9966),
(16, 'Fall Knife', 2, 1, 3, 1, 3, 1, 0, 0, 0, 0, 0, 0, 0, 0, 0, 'Fall_Knife.gif', 8, 0, NULL, 0, 5184000, 9959),
(19, 'Run Knife', 3, 1, 7, 5, 0, 0, 0, 0, 0, 0, 0, 0, 0, 0, 0, 'Run_Knife.gif', 15, 0, NULL, 0, 5184000, 9938),
(20, 'Roon Knife', 3, 1, 6, 0, 6, 0, 0, 0, 0, 0, 0, 0, 0, 0, 0, 'Roon_Knife.gif', 15, 0, NULL, 0, 5184000, 9844),
(21, 'Fire Knife', 3, 1, 8, 1, 1, 2, 0, 0, 0, 0, 0, 0, 0, 0, 0, 'Fire_Knife.gif', 15, 0, NULL, 0, 5184000, 9936),
(22, 'Narrow Knife', 4, 1, 9, 6, 0, 0, 0, 0, 0, 3, 3, 0, 0, 0, 0, 'Narrow_Knife.gif', 25, 0, NULL, 0, 5184000, 9966),
(23, 'Bow Knife', 4, 1, 10, 0, 6, 0, 0, 0, 2, 0, 2, 0, 0, 0, 0, 'Bow_Knife.gif', 25, 0, NULL, 0, 5184000, 9875),
(24, 'Pirate Knife', 4, 1, 8, 1, 1, 6, 0, 0, 2, 2, 0, 0, 0, 0, 0, 'Pira_Knife.gif', 25, 0, NULL, 0, 5184000, 9965),
(27, 'Angel Knife', 5, 1, 12, 8, 0, 0, 0, 0, 0, 5, 5, 0, 0, 0, 0, 'Angel_Knife.gif', 50, 0, NULL, 0, 5184000, 9965),
(29, 'Sharp Knife', 5, 1, 10, 2, 3, 5, 0, 0, 4, 4, 2, 0, 0, 0, 0, 'Sharp_Knife.gif', 50, 0, NULL, 0, 5184000, 9979),
(30, 'Petty Sword', 6, 1, 14, 9, 0, 0, 0, 0, 0, 7, 7, 0, 0, 0, 0, 'Petty_Sword.gif', 100, 0, NULL, 0, 5184000, 9972),
(31, 'Murder Sickle', 6, 1, 11, 0, 12, 0, 0, 0, 7, 0, 7, 0, 0, 0, 0, 'Murder_Sickle.gif', 100, 0, NULL, 0, 5184000, 9937),
(32, 'Hard Hummer', 6, 1, 12, 1, 1, 8, 0, 0, 8, 8, 0, 0, 0, 0, 0, 'Hard_Hummer.gif', 100, 0, NULL, 0, 5184000, 9979),
(33, 'Flexible Axe', 7, 1, 15, 10, 0, 0, 4, 0, 0, 8, 8, 0, 0, 0, 0, 'Flexible_Axe.gif', 200, 0, NULL, 0, 5184000, 9959),
(34, 'Iron Axe', 7, 1, 13, 0, 13, 0, 2, 0, 8, 0, 8, 0, 0, 0, 0, 'Iron_Axe.gif', 200, 0, NULL, 0, 5184000, 9930),
(35, 'Peaky Hummer', 7, 1, 13, 0, 0, 9, 8, 0, 9, 9, 0, 0, 0, 0, 0, 'Peaky_Hummer.gif', 200, 0, NULL, 0, 5184000, 9960),
(36, 'Art Helmet', 1, 2, 0, 2, 0, 1, 4, 0, 0, 1, 1, 0, 0, 0, 0, 'Art_Helmet.gif', 4, 0, NULL, 0, 5184000, 9957),
(37, 'Bloob Helmet', 1, 2, 1, 0, 2, 0, 4, 0, 1, 0, 1, 0, 0, 0, 0, 'Bloob_Helmet.gif', 4, 0, NULL, 0, 5184000, 9952),
(38, 'Tough Helmet', 1, 2, 0, 1, 0, 2, 4, 0, 1, 1, 0, 0, 0, 0, 0, 'Tough_Helmet.gif', 4, 0, NULL, 0, 5184000, 9964),
(39, 'Bronze Helmet', 2, 2, 1, 4, 1, 2, 8, 0, 0, 2, 2, 0, 0, 0, 0, 'Bronze_Helmet.gif', 10, 0, NULL, 0, 5184000, 9974),
(40, 'Nest Helmet', 2, 2, 4, 0, 2, 0, 10, 0, 2, 1, 3, 0, 0, 0, 0, 'Nest_Helmet.gif', 10, 0, NULL, 0, 5184000, 9964),
(41, 'Iron Helmet', 2, 2, 2, 0, 0, 4, 8, 0, 3, 2, 0, 1, 0, 0, 0, 'Iron_Helmet.gif', 10, 0, NULL, 0, 5184000, 9972),
(42, 'Rider Helmet', 3, 2, 2, 5, 0, 2, 12, 0, 2, 4, 4, 0, 0, 0, 0, 'Rider_Helmet.gif', 20, 0, NULL, 0, 5184000, 9960),
(43, 'Paladin Helme', 3, 2, 4, 1, 5, 1, 12, 0, 2, 2, 2, 0, 0, 0, 0, 'Paladin_Helme.gif', 20, 0, NULL, 0, 5184000, 9880),
(44, 'Covered Helmet', 3, 2, 3, 1, 0, 5, 12, 0, 4, 3, 0, 1, 0, 0, 0, 'Covered_Helmet.gif', 20, 0, NULL, 0, 5184000, 9922),
(45, 'Triangles Helmet', 4, 2, 4, 7, 1, 2, 16, 0, 1, 6, 6, 1, 0, 0, 0, 'Triangles_Helmet.gif', 50, 0, NULL, 0, 5184000, 9986),
(46, 'Modern Helmet', 4, 2, 6, 1, 6, 2, 14, 0, 6, 1, 6, 1, 0, 0, 0, 'Modern_Helmet.gif', 50, 0, NULL, 0, 5184000, 9960),
(47, 'Durable Helmet', 4, 2, 4, 2, 1, 7, 18, 0, 7, 5, 1, 2, 0, 0, 0, 'Durable_Helmet.gif', 50, 0, NULL, 0, 5184000, 9976),
(48, 'Steel Helmet', 5, 2, 5, 9, 2, 2, 20, 0, 2, 8, 8, 2, 0, 0, 0, 'Steel_Helmet.gif', 80, 0, NULL, 0, 5184000, 9984),
(49, 'Horror Helmet', 5, 2, 7, 2, 8, 1, 20, 0, 8, 2, 8, 2, 0, 0, 0, 'Horror_Helmet.gif', 80, 0, NULL, 0, 5184000, 9963),
(50, 'Heavy Helmet', 5, 2, 5, 1, 3, 8, 22, 0, 9, 6, 1, 3, 0, 0, 0, 'Heavy_Helmet.gif', 80, 0, NULL, 0, 5184000, 9980),
(58, 'Black Armour', 2, 3, 2, 0, 1, 3, 12, 0, 3, 2, 0, 1, 0, 0, 0, 'Black_Armour.gif', 10, 0, NULL, 0, 5184000, 9978),
(53, 'Chain Armour', 1, 3, 0, 2, 0, 0, 8, 0, 0, 2, 2, 0, 0, 0, 0, 'Chain_Armour.gif', 5, 0, NULL, 0, 5184000, 9975),
(54, 'Schism Armour', 1, 3, 0, 0, 2, 0, 8, 0, 2, 0, 2, 0, 0, 0, 0, 'Schism_Armour.gif', 5, 0, NULL, 0, 5184000, 9955),
(55, 'Suffer Armour', 1, 3, 0, 0, 0, 2, 8, 0, 2, 2, 0, 0, 0, 0, 0, 'Suffer_Armour.gif', 5, 0, NULL, 0, 5184000, 9959),
(56, 'Foreigner Armour', 2, 3, 1, 4, 0, 1, 12, 0, 0, 3, 3, 0, 0, 0, 0, 'Foreigner_Armour.gif', 10, 0, NULL, 0, 5184000, 9973),
(57, 'Spiral Armour', 2, 3, 2, 0, 4, 1, 12, 0, 2, 2, 0, 0, 0, 0, 0, 'Spiral_Armour.gif', 10, 0, NULL, 0, 5184000, 9962),
(59, 'Angel Pants', 3, 4, 2, 5, 1, 1, 12, 0, 0, 2, 3, 1, 0, 0, 0, 'Angel_Pants.gif', 25, 0, NULL, 0, 5184000, 9951),
(60, 'First Pants', 3, 4, 3, 0, 6, 1, 14, 0, 2, 0, 1, 1, 0, 0, 0, 'First_Pants.gif', 25, 0, NULL, 0, 5184000, 9858),
(61, 'Rider Pants', 3, 4, 2, 1, 1, 4, 16, 0, 3, 2, 0, 1, 0, 0, 0, 'Rider_Pants.gif', 25, 0, NULL, 0, 5184000, 9922),
(62, 'Angel Boots', 2, 5, 2, 4, 0, 1, 8, 0, 1, 3, 4, 0, 0, 0, 0, 'Angel_Boots.gif', 20, 0, NULL, 0, 5184000, 9974),
(63, 'Silence Boots', 2, 5, 3, 0, 4, 1, 8, 0, 3, 0, 3, 0, 0, 0, 0, 'Silence_Boots.gif', 20, 0, NULL, 0, 5184000, 9971),
(64, 'Blood Boots', 2, 5, 3, 1, 1, 2, 10, 0, 4, 2, 0, 0, 0, 0, 0, 'Blood_Boots.gif', 20, 0, NULL, 0, 5184000, 9981),
(65, 'Relife +20', 0, 20, 0, 0, 0, 0, 0, 0, 0, 0, 0, 0, 0, 20, 0, 'magic.gif', 0.3, 0, 'Sicocxlis Shevseba +20', 0, 5184000, 0),
(66, 'Relife +50', 0, 20, 0, 0, 0, 0, 0, 0, 0, 0, 0, 0, 0, 50, 0, 'magic.gif', 2, 0, 'Sicocxlis Shevseba +50', 0, 5184000, 0),
(67, 'Relife +100', 0, 20, 0, 0, 0, 0, 0, 0, 0, 0, 0, 0, 0, 100, 0, 'magic.gif', 10, 0, 'Sicocxlis Shevseba +100', 0, 5184000, 0),
(68, 'Fast Relife +100%', 0, 21, 0, 0, 0, 0, 0, 0, 0, 0, 0, 0, 0, 100, 0, 'magic.gif', 20, 3600, 'Sicocxlis Scrafi shevseba', 0, 5184000, 0),
(72, 'Free Armor', 3, 3, 4, 0, 6, 1, 13, 0, 4, 0, 4, 1, 0, 0, 0, 'Free_Armor.gif', 30, 0, NULL, 0, 5184000, 9882),
(71, 'Angel Armor', 3, 3, 3, 6, 0, 0, 13, 0, 0, 4, 5, 2, 0, 0, 0, 'Angel_Armor.gif', 30, 0, NULL, 0, 5184000, 9948),
(73, 'Deff Armor', 3, 3, 4, 0, 0, 5, 14, 0, 5, 2, 0, 2, 0, 0, 0, 'Deff_Armor.gif', 30, 0, NULL, 0, 5184000, 9921),
(74, 'Light Armor', 4, 3, 4, 9, 0, 2, 14, 0, 0, 5, 5, 2, 0, 0, 0, 'Light_Armor.gif', 60, 0, NULL, 0, 5184000, 9989),
(75, 'Iron Armor', 4, 3, 5, 0, 9, 1, 15, 0, 4, 0, 4, 2, 0, 0, 0, 'Iron_Armor.gif', 60, 0, NULL, 0, 5184000, 9955),
(76, 'Stone Armor', 4, 3, 5, 0, 0, 8, 15, 0, 5, 4, 0, 3, 0, 0, 0, 'Stone_Armor.gif', 60, 0, NULL, 0, 5184000, 9979),
(77, 'Adroit Armor', 5, 3, 5, 10, 0, 2, 16, 0, 0, 6, 6, 3, 0, 0, 0, 'Adroit_Armor.gif', 100, 0, NULL, 0, 5184000, 9986),
(78, 'Cross Armor', 5, 3, 6, 0, 10, 1, 16, 0, 6, 0, 6, 3, 0, 0, 0, 'Cross_Armor.gif', 100, 0, NULL, 0, 5184000, 9958),
(79, 'Proof Armor', 5, 3, 6, 0, 0, 9, 17, 0, 6, 5, 0, 4, 0, 0, 0, 'Proof_Armor.gif', 100, 0, NULL, 0, 5184000, 9980),
(82, 'Angel Shield', 4, 1, 1, 2, 1, 5, 5, 0, 1, 4, 2, 3, 0, 0, 0, 'Angel_Shield.gif', 35, 0, NULL, 0, 5184000, 9979),
(81, 'Speed Shield', 3, 1, 1, 1, 1, 4, 4, 0, 1, 2, 1, 2, 0, 0, 0, 'Speed_Shield.gif', 20, 0, NULL, 0, 5184000, 9950),
(83, 'Prist Shield', 5, 1, 2, 2, 2, 6, 6, 0, 5, 6, 5, 4, 0, 0, 0, 'Prist_Shield.gif', 65, 0, NULL, 0, 5184000, 9985),
(84, 'Guard Shield', 6, 1, 3, 2, 2, 7, 7, 0, 7, 9, 7, 5, 0, 0, 0, 'Guard_Shield.gif', 130, 0, NULL, 0, 5184000, 9985),
(87, 'Critical_Pants', 4, 4, 4, 0, 7, 0, 15, 0, 4, 0, 3, 3, 0, 0, 0, 'Critical_Pants.gif', 50, 0, NULL, 0, 5184000, 9963),
(86, 'Silence_Pants', 4, 4, 3, 6, 0, 3, 14, 0, 0, 4, 4, 3, 0, 0, 0, 'Silence_Pants.gif', 50, 0, NULL, 0, 5184000, 9984),
(88, 'Still_Pants', 4, 4, 4, 0, 0, 5, 17, 0, 4, 4, 0, 4, 0, 0, 0, 'Still_Pants.gif', 50, 0, NULL, 0, 5184000, 9974),
(89, 'Wind Pants', 5, 4, 5, 8, 0, 1, 16, 0, 0, 7, 8, 5, 0, 0, 0, 'Wind_Pants.gif', 100, 0, NULL, 0, 5184000, 9988),
(90, 'Iron Pants', 5, 4, 7, 0, 8, 0, 17, 0, 6, 0, 5, 5, 0, 0, 0, 'Iron_Pants.gif', 100, 0, NULL, 0, 5184000, 9970),
(91, 'Dense Pants', 5, 4, 6, 0, 0, 7, 17, 0, 7, 5, 0, 6, 0, 0, 0, 'Dense_Pants.gif', 100, 0, NULL, 0, 5184000, 9988),
(92, 'Relife +200', 0, 20, 0, 0, 0, 0, 0, 0, 0, 0, 0, 0, 0, 200, 0, 'magic.gif', 20, 0, 'Sicocxlis shevseba +200', 0, 5184000, 0),
(95, 'Crinkly Boots', 3, 5, 6, 0, 6, 0, 10, 0, 6, 0, 4, 2, 0, 0, 0, 'Crinkly_Boots.gif', 50, 0, NULL, 0, 5184000, 9961),
(94, 'Clown Boots', 3, 5, 5, 6, 0, 2, 10, 0, 2, 4, 5, 1, 0, 0, 0, 'Clown_Boots.gif', 50, 0, NULL, 0, 5184000, 9984),
(96, 'Break Boots', 3, 5, 5, 0, 0, 4, 11, 0, 6, 5, 0, 3, 0, 0, 0, 'Break_Boots.gif', 50, 0, NULL, 0, 5184000, 9966),
(97, 'Way Boots', 4, 5, 7, 8, 0, 0, 12, 0, 2, 7, 8, 3, 0, 0, 0, 'Way_boots.gif', 80, 0, NULL, 0, 5184000, 9973),
(98, 'Sand Boots', 4, 5, 8, 0, 8, 0, 11, 0, 7, 0, 7, 4, 0, 0, 0, 'Sand_Boots.gif', 80, 0, NULL, 0, 5184000, 9941),
(99, 'Stout Boots', 4, 5, 7, 0, 0, 6, 12, 0, 8, 7, 0, 5, 0, 0, 0, 'Stout_Boots.gif', 80, 0, NULL, 0, 5184000, 9959),
(100, 'Light Boots', 5, 5, 9, 10, 0, 0, 14, 0, 0, 8, 8, 6, 0, 0, 0, 'Light_Boots.gif', 120, 0, NULL, 0, 5184000, 9991),
(101, 'Cyclone Boots', 5, 5, 10, 0, 9, 0, 14, 0, 8, 0, 8, 6, 0, 0, 0, 'Cyclone_Boots.gif', 120, 0, NULL, 0, 5184000, 9959),
(102, 'Aluminum Boots', 5, 5, 9, 0, 0, 8, 14, 0, 9, 8, 0, 7, 0, 0, 0, 'Aluminum_Boots.gif', 120, 0, NULL, 0, 5184000, 9989),
(103, 'Sleep_boots', 6, 5, 11, 13, 0, 4, 16, 0, 2, 10, 10, 10, 0, 0, 0, 'Sleep_boots.gif', 200, 0, NULL, 0, 5184000, 9990),
(104, 'Peaky Boots', 6, 5, 14, 0, 12, 0, 17, 0, 12, 2, 10, 10, 0, 0, 0, 'Peaky_Boots.gif', 200, 0, NULL, 0, 5184000, 9953),
(105, 'Slide_boots', 6, 5, 13, 0, 0, 10, 18, 0, 11, 11, 0, 12, 0, 0, 0, 'Slide_boots.gif', 200, 0, NULL, 0, 5184000, 9982),
(106, 'Pliable Gloves', 3, 6, 2, 3, 0, 0, 3, 0, 0, 2, 2, 0, 0, 0, 0, 'Pliable_Gloves.gif', 25, 0, NULL, 0, 5184000, 9970),
(107, 'Dex Gloves', 3, 6, 3, 0, 3, 0, 2, 0, 2, 0, 2, 0, 0, 0, 0, 'Dex_Gloves.gif', 25, 0, NULL, 0, 5184000, 9948),
(108, 'Hard Gloves', 3, 6, 3, 0, 0, 2, 3, 0, 2, 2, 0, 0, 0, 0, 0, 'Hard_Gloves.gif', 25, 0, NULL, 0, 5184000, 9968),
(109, 'Skin Gloves', 4, 6, 3, 5, 0, 0, 4, 0, 0, 3, 3, 0, 0, 0, 0, 'Skin_Gloves.gif', 50, 0, NULL, 0, 5184000, 9981),
(110, 'Pang Gloves', 4, 6, 4, 0, 4, 0, 4, 0, 3, 0, 3, 0, 0, 0, 0, 'Pang_Gloves.gif', 50, 0, NULL, 0, 5184000, 9950),
(111, 'Aluminum Gloves', 4, 6, 4, 0, 0, 4, 4, 0, 3, 3, 0, 0, 0, 0, 0, 'Aluminum_Gloves.gif', 50, 0, NULL, 0, 5184000, 9970),
(112, 'Springy Gloves', 5, 6, 6, 7, 0, 2, 7, 0, 0, 5, 5, 2, 0, 0, 0, 'Springy_Gloves.gif', 100, 0, NULL, 0, 5184000, 9989),
(113, 'Iron Gloves', 5, 6, 8, 0, 7, 0, 7, 0, 6, 0, 4, 2, 0, 0, 0, 'Iron_Gloves.gif', 100, 0, NULL, 0, 5184000, 9956),
(114, 'Deff Gloves', 5, 6, 6, 0, 0, 6, 8, 0, 6, 5, 0, 3, 0, 0, 0, 'Deff_Gloves.gif', 100, 0, NULL, 0, 5184000, 9981),
(115, 'Wander Gloves', 6, 6, 7, 10, 0, 1, 12, 0, 2, 8, 8, 4, 0, 0, 0, 'Wander_Gloves.gif', 150, 0, NULL, 0, 5184000, 9990),
(116, 'Faraon Gloves', 6, 6, 10, 0, 8, 0, 11, 0, 9, 0, 8, 5, 0, 0, 0, 'Faraon_Gloves.gif', 150, 0, NULL, 0, 5184000, 9963),
(117, 'Stone Gloves', 6, 6, 8, 0, 0, 7, 13, 0, 8, 8, 0, 6, 0, 0, 0, 'Stone_Gloves.gif', 150, 0, NULL, 0, 5184000, 9987),
(118, 'Trust Ring', 3, 7, 3, 0, 0, 0, 0, 0, 0, 0, 0, 0, 0, 0, 0, 'Trust_Ring.gif', 20, 0, NULL, 0, 5184000, 9854),
(119, 'Angel Ring', 4, 7, 0, 4, 0, 0, 2, 0, 0, 2, 2, 0, 0, 0, 0, 'Angel_Ring.gif', 50, 0, NULL, 0, 5184000, 9963),
(120, 'Blood Ring', 4, 7, 0, 0, 4, 0, 2, 0, 2, 0, 2, 0, 0, 0, 0, 'Blood_Ring.gif', 50, 0, NULL, 0, 5184000, 9962),
(121, 'Break Ring', 4, 7, 0, 0, 0, 4, 2, 0, 2, 2, 0, 0, 0, 0, 0, 'Break_Ring.gif', 50, 0, NULL, 0, 5184000, 9961),
(122, 'Mirror Ring', 5, 7, 2, 5, 0, 1, 5, 0, 0, 3, 3, 0, 0, 0, 0, 'Mirror_Ring.gif', 100, 0, NULL, 0, 5184000, 9975),
(123, 'Fortuna Ring', 5, 7, 4, 0, 4, 0, 4, 0, 4, 0, 4, 0, 0, 0, 0, 'Fortuna_Ring.gif', 100, 0, NULL, 0, 5184000, 9951),
(124, 'Gem Ring', 5, 7, 3, 0, 0, 4, 5, 0, 0, 4, 4, 0, 0, 0, 0, 'Gem_Ring.gif', 100, 0, NULL, 0, 5184000, 9974),
(125, 'Plating Ring', 6, 7, 5, 5, 0, 0, 10, 0, 0, 5, 5, 0, 0, 0, 0, 'Plating_Ring.gif', 200, 0, NULL, 0, 5184000, 9952),
(126, 'Respect Ring', 6, 7, 7, 0, 5, 0, 7, 0, 6, 0, 6, 0, 0, 0, 0, 'Respect_Ring.gif', 200, 0, NULL, 0, 5184000, 9924),
(127, 'Stone Ring', 6, 7, 5, 0, 0, 3, 11, 0, 6, 6, 0, 0, 0, 0, 0, 'Stone_Ring.gif', 200, 0, NULL, 0, 5184000, 9932),
(133, 'Adroit Helmet', 6, 2, 7, 10, 2, 2, 25, 0, 3, 8, 9, 6, 0, 0, 0, 'Adroit_Helmet.gif', 150, 0, NULL, 0, 5184000, 9982),
(130, 'Bronze Armor', 6, 3, 8, 11, 0, 3, 20, 0, 0, 7, 7, 6, 0, 0, 0, 'Bronze_Armor.gif', 200, 0, NULL, 0, 5184000, 9981),
(131, 'Hunter Armor', 6, 3, 9, 0, 11, 1, 19, 0, 7, 0, 8, 7, 0, 0, 0, 'Hunter_Armor.gif', 200, 0, NULL, 0, 5184000, 9952),
(132, 'Rag Armor', 6, 3, 8, 0, 0, 9, 22, 0, 7, 7, 0, 8, 0, 0, 0, 'Rag_Armor.gif', 200, 0, NULL, 0, 5184000, 9968),
(134, 'Horned Helmet', 6, 2, 10, 0, 10, 1, 25, 0, 9, 2, 9, 6, 0, 0, 0, 'Horned_Helmet.gif', 150, 0, NULL, 0, 5184000, 9947),
(135, 'Deff_Hemet', 6, 2, 9, 1, 0, 9, 26, 0, 9, 9, 1, 7, 0, 0, 0, 'Deff_Hemet.gif', 150, 0, NULL, 0, 5184000, 9973),
(137, 'Gilded Helmet', 7, 2, 9, 12, 2, 2, 27, 0, 0, 10, 10, 10, 0, 0, 0, 'Gilded_Helmet.gif', 300, 0, NULL, 0, 5184000, 9980),
(138, 'Blood Helmet', 7, 2, 12, 0, 11, 2, 27, 0, 10, 0, 10, 10, 0, 0, 0, 'Blood_Helmet.gif', 300, 0, NULL, 0, 5184000, 9962),
(139, 'Wonder Helmet', 7, 2, 11, 0, 0, 10, 28, 0, 11, 10, 2, 11, 0, 0, 0, 'Wonder_Helmet.gif', 300, 0, NULL, 0, 5184000, 9985),
(140, 'Angel Necklace', 5, 8, 5, 5, 1, 1, 10, 0, 0, 5, 5, 2, 0, 0, 0, 'Angel_Necklace.gif', 100, 0, NULL, 0, 5184000, 9972),
(141, 'Paladin Necklace', 5, 8, 7, 0, 5, 0, 10, 0, 5, 0, 5, 2, 0, 0, 0, 'Paladin_Necklace.gif', 100, 0, NULL, 0, 5184000, 9916),
(142, 'Break Necklace', 5, 8, 6, 0, 0, 4, 11, 0, 5, 4, 0, 3, 0, 0, 0, 'Break_Necklace.gif', 100, 0, NULL, 0, 5184000, 9954),
(143, 'Mirror Necklace', 6, 8, 8, 7, 2, 2, 14, 0, 0, 6, 6, 4, 0, 0, 0, 'Mirror_Necklace.gif', 200, 0, NULL, 0, 5184000, 9991),
(144, 'Bigfire Necklace', 6, 8, 10, 0, 8, 0, 15, 0, 6, 5, 0, 4, 0, 0, 0, 'Bigfire_Necklace.gif', 200, 0, NULL, 0, 5184000, 9963),
(145, 'Iron Necklace', 6, 8, 8, 0, 1, 7, 16, 0, 6, 5, 0, 5, 0, 0, 0, 'Iron_Necklace.gif', 200, 0, NULL, 0, 5184000, 9979),
(146, 'Platin Necklace', 7, 8, 12, 10, 2, 2, 18, 0, 0, 7, 7, 6, 0, 0, 0, 'Platin_Necklace.gif', 400, 0, NULL, 0, 5184000, 9986),
(147, 'Blood Necklace', 7, 8, 14, 0, 12, 0, 18, 0, 7, 0, 7, 6, 0, 0, 0, 'Blood_Necklace.gif', 400, 0, NULL, 0, 5184000, 9973),
(148, 'Deff Necklace', 7, 8, 13, 0, 1, 10, 20, 0, 7, 7, 0, 6, 0, 0, 0, 'Deff_Necklace.gif', 400, 0, NULL, 0, 5184000, 9985),
(151, 'Silence Armor', 7, 3, 9, 12, 0, 1, 28, 0, 0, 8, 8, 10, 0, 0, 0, 'Silence_Armor.gif', 400, 0, NULL, 0, 5184000, 9989),
(150, 'High Armor', 8, 3, 12, 15, 0, 2, 32, 0, 0, 9, 9, 12, 0, 0, 0, 'High_Armor.gif', 800, 0, NULL, 0, 5184000, 9986),
(152, 'Rocking Armor', 7, 3, 10, 0, 12, 0, 28, 0, 8, 0, 8, 10, 0, 0, 0, 'Rocking_Armor.gif', 400, 0, NULL, 0, 5184000, 9961),
(153, 'Tap Armor', 7, 3, 8, 0, 0, 9, 30, 0, 8, 8, 0, 12, 0, 0, 0, 'Tap_Armor.gif', 400, 0, NULL, 0, 5184000, 9988),
(154, 'Violet Armor', 8, 3, 14, 0, 15, 0, 32, 0, 9, 0, 9, 12, 0, 0, 0, 'Violet_Armor.gif', 800, 0, NULL, 0, 5184000, 9973),
(155, 'Metal Armor', 8, 3, 12, 0, 0, 11, 35, 0, 9, 9, 0, 14, 0, 0, 0, 'Metal_Armor.gif', 800, 0, NULL, 0, 5184000, 9976),
(156, 'Gold Armor', 9, 3, 15, 17, 2, 2, 40, 0, 0, 10, 10, 16, 0, 0, 0, 'Gold_Armor.gif', 1500, 0, NULL, 0, 5184000, 9988),
(157, 'Copper Armor', 9, 3, 18, 0, 17, 0, 39, 0, 11, 0, 11, 17, 0, 0, 0, 'Copper_Armor.gif', 1500, 0, NULL, 0, 5184000, 9963),
(158, 'Silver Armor', 9, 3, 16, 0, 0, 18, 42, 0, 10, 10, 0, 18, 0, 0, 0, 'Silver_Armor.gif', 1500, 0, NULL, 0, 5184000, 9986),
(159, 'Speed Pants', 6, 4, 8, 10, 0, 2, 20, 0, 0, 8, 8, 8, 0, 0, 0, 'Speed_Pants.gif', 150, 0, NULL, 0, 5184000, 9985),
(160, 'Rocking Pants', 6, 4, 11, 0, 9, 0, 19, 0, 8, 0, 7, 9, 0, 0, 0, 'Rocking_Pants.gif', 150, 0, NULL, 0, 5184000, 9943),
(161, 'Knee Pents', 6, 4, 8, 0, 0, 8, 21, 0, 8, 8, 0, 10, 0, 0, 0, 'Knee_Pents.gif', 150, 0, NULL, 0, 5184000, 9980),
(162, 'Week Pents', 7, 4, 9, 14, 0, 0, 27, 0, 9, 0, 9, 10, 0, 0, 0, 'Week_Pents.gif', 200, 0, NULL, 0, 5184000, 9990),
(163, 'Firm Pents', 7, 4, 12, 0, 11, 0, 26, 0, 9, 0, 10, 12, 0, 0, 0, 'Firm_Pents.gif', 200, 0, NULL, 0, 5184000, 9968),
(164, 'Ferrous Pents', 7, 4, 10, 0, 0, 10, 28, 0, 9, 9, 0, 12, 0, 0, 0, 'Ferrous_Pents.gif', 200, 0, NULL, 0, 5184000, 9981),
(165, 'Scotch Pents', 8, 4, 11, 15, 0, 2, 34, 0, 0, 10, 10, 12, 0, 0, 0, 'Scotch_Pents.gif', 400, 0, NULL, 0, 5184000, 9982),
(166, 'Angry Pants', 8, 4, 14, 0, 14, 2, 32, 0, 10, 0, 10, 12, 0, 0, 0, 'Angry_Pants.gif', 400, 0, NULL, 0, 5184000, 9962),
(167, 'Deff Pents', 8, 4, 12, 0, 0, 12, 35, 0, 10, 10, 0, 14, 0, 0, 0, 'Deff_Pents.gif', 400, 0, NULL, 0, 5184000, 9975),
(168, 'Pliable Pents', 9, 4, 16, 17, 0, 5, 40, 0, 0, 11, 11, 14, 0, 0, 0, 'Pliable_Pents.gif', 1000, 0, NULL, 0, 5184000, 9986),
(169, 'Valiant Pents', 9, 4, 19, 0, 17, 0, 39, 0, 11, 0, 11, 16, 0, 0, 0, 'Valiant_Pents.gif', 1000, 0, NULL, 0, 5184000, 9973),
(170, 'Panzer Pents', 9, 4, 16, 0, 0, 14, 42, 0, 11, 11, 0, 18, 0, 0, 0, 'Panzer_Pents.gif', 1000, 0, NULL, 0, 5184000, 9990),
(171, 'High Boots', 7, 5, 14, 16, 0, 2, 24, 0, 0, 11, 11, 12, 0, 0, 0, 'High_Boots.gif', 400, 0, NULL, 0, 5184000, 9981),
(172, 'Outcast Boots', 7, 5, 16, 0, 16, 0, 22, 0, 11, 0, 12, 13, 0, 0, 0, 'Outcast_Boots.gif', 400, 0, NULL, 0, 5184000, 9971),
(173, 'Deff Boots', 7, 5, 13, 0, 0, 16, 25, 0, 12, 11, 0, 13, 0, 0, 0, 'Deff_Boots.gif', 400, 0, NULL, 0, 5184000, 9981),
(174, 'Mirror Boots', 8, 5, 17, 18, 0, 2, 30, 0, 0, 12, 12, 14, 0, 0, 0, 'Mirror_Boots.gif', 800, 0, NULL, 0, 5184000, 9991),
(175, 'Wonder Boots', 8, 5, 19, 0, 20, 0, 28, 0, 12, 0, 12, 14, 0, 0, 0, 'Wonder_Boots.gif', 800, 0, NULL, 0, 5184000, 9972),
(176, 'Hard Boots', 8, 5, 15, 0, 0, 17, 32, 0, 12, 12, 0, 16, 0, 0, 0, 'Hard_Boots.gif', 800, 0, NULL, 0, 5184000, 9975),
(178, 'Adroit Gloves', 7, 6, 10, 13, 0, 1, 18, 0, 0, 9, 9, 6, 0, 0, 0, 'Adroit_Gloves.gif', 300, 0, NULL, 0, 5184000, 9988),
(179, 'Horned Gloves', 7, 6, 11, 0, 15, 0, 14, 0, 10, 0, 9, 7, 0, 0, 0, 'Horned_Gloves.gif', 300, 0, NULL, 0, 5184000, 9964),
(180, 'Platin Gloves', 7, 6, 11, 0, 0, 12, 16, 0, 9, 9, 0, 8, 0, 0, 0, 'Platin_Gloves.gif', 300, 0, NULL, 0, 5184000, 9985),
(181, 'Angel Gloves', 8, 6, 13, 15, 0, 2, 20, 0, 0, 10, 10, 10, 0, 0, 0, 'Angel_Gloves.gif', 600, 0, NULL, 0, 5184000, 9984),
(182, 'Drakon Gloves', 8, 6, 13, 0, 16, 0, 18, 0, 10, 0, 10, 12, 0, 0, 0, 'Drakon_Gloves.gif', 600, 0, NULL, 0, 5184000, 9970),
(183, 'Heavy Gloves', 8, 6, 12, 0, 0, 13, 22, 0, 10, 10, 0, 12, 0, 0, 0, 'Heavy_Gloves.gif', 600, 0, NULL, 0, 5184000, 9970),
(184, 'Springy Gloves', 9, 6, 16, 18, 0, 0, 28, 0, 0, 11, 11, 18, 0, 0, 0, 'Springy_Gloves.gif', 1500, 0, NULL, 0, 5184000, 9984),
(185, 'Tapped Gloves', 9, 6, 18, 0, 18, 0, 26, 0, 11, 0, 11, 18, 0, 0, 0, 'Tapped_Gloves.gif', 1500, 0, NULL, 0, 5184000, 9975),
(186, 'Close Gloves', 9, 6, 15, 0, 0, 15, 29, 0, 11, 11, 0, 20, 0, 0, 0, 'Close_Gloves.gif', 1500, 0, NULL, 0, 5184000, 9994),
(188, 'Steel Ring', 7, 7, 10, 8, 0, 0, 12, 0, 0, 7, 7, 2, 0, 0, 0, 'Steel_Ring.gif', 400, 0, NULL, 0, 5184000, 9956),
(189, 'Cross Ring', 7, 7, 9, 0, 8, 0, 13, 0, 7, 0, 7, 2, 0, 0, 0, 'Cross_Ring.gif', 400, 0, NULL, 0, 5184000, 9875),
(190, 'Faraon Ring', 7, 7, 7, 0, 0, 6, 14, 0, 7, 7, 0, 4, 0, 0, 0, 'Faraon_Ring.gif', 400, 0, NULL, 0, 5184000, 9934),
(191, 'Gods Ring', 8, 7, 14, 12, 0, 0, 16, 0, 0, 8, 9, 3, 0, 0, 0, 'Gods_Ring.gif', 800, 0, NULL, 0, 5184000, 9962),
(192, 'Bigfire Ring', 8, 7, 11, 0, 13, 0, 17, 0, 8, 0, 8, 4, 0, 0, 0, 'Bigfire_Ring.gif', 800, 0, NULL, 0, 5184000, 9922),
(193, 'Deff Ring', 8, 7, 11, 0, 0, 10, 18, 0, 9, 8, 0, 5, 0, 0, 0, 'Deff_Ring.gif', 800, 0, NULL, 0, 5184000, 9960),
(194, 'Look Ring', 9, 7, 16, 16, 0, 0, 20, 0, 0, 9, 9, 6, 0, 0, 0, 'Look_Ring.gif', 1500, 0, NULL, 0, 5184000, 9968),
(195, 'Sharp Ring', 9, 7, 14, 0, 17, 0, 21, 0, 9, 0, 9, 6, 0, 0, 0, 'Sharp_Ring.gif', 1500, 0, NULL, 0, 5184000, 9908),
(196, 'Rage Ring', 9, 7, 14, 0, 0, 13, 22, 0, 9, 9, 0, 8, 0, 0, 0, 'Rage_Ring.gif', 1500, 0, NULL, 0, 5184000, 9948),
(216, 'Laconic Necklace', 8, 8, 15, 15, 0, 0, 24, 0, 0, 9, 9, 8, 0, 0, 0, 'Laconic_Necklace.gif', 800, 0, NULL, 0, 5184000, 9989),
(203, 'Angel Axe', 8, 1, 18, 20, 0, 0, 10, 0, 6, 9, 9, 0, 0, 0, 0, 'Angel_Axe.gif', 700, 0, NULL, 0, 5184000, 9975),
(204, 'Stream Sword', 8, 1, 19, 0, 18, 0, 11, 0, 9, 6, 9, 0, 0, 0, 0, 'Stream_Sword.gif', 700, 0, NULL, 0, 5184000, 9939),
(205, 'Small Bat', 8, 1, 20, 0, 0, 17, 12, 0, 10, 10, 2, 0, 0, 0, 0, 'Small_Bat.gif', 700, 0, NULL, 0, 5184000, 9963),
(206, 'Freedom Sword', 9, 1, 25, 29, 0, 0, 20, 0, 8, 12, 12, 0, 0, 0, 0, 'Freedom_Sword.gif', 1500, 0, NULL, 0, 5184000, 9979),
(207, 'Sunrise Axe', 9, 1, 28, 0, 24, 0, 22, 0, 12, 8, 12, 0, 0, 0, 0, 'Sunrise_Axe.gif', 1500, 0, NULL, 0, 5184000, 9940),
(208, 'Heavy Bat', 9, 1, 29, 0, 0, 23, 24, 0, 12, 12, 4, 0, 0, 0, 0, 'Heavy_Bat.gif', 1500, 0, NULL, 0, 5184000, 9973),
(209, 'Faraon Helmet', 8, 2, 10, 16, 0, 0, 32, 0, 3, 11, 11, 13, 0, 0, 0, 'Faraon_Helmet.gif', 600, 0, NULL, 0, 5184000, 9991),
(210, 'Violet Hemlet', 8, 2, 13, 0, 15, 0, 33, 0, 11, 0, 11, 12, 0, 0, 0, 'Violet_Hemlet.gif', 600, 0, NULL, 0, 5184000, 9968),
(211, 'Crossbron Helmet', 8, 2, 12, 0, 0, 12, 34, 0, 11, 11, 0, 14, 0, 0, 0, 'Crossbron_Helmet.gif', 600, 0, NULL, 0, 5184000, 9976),
(212, 'Redeye Helmet', 9, 2, 11, 19, 0, 0, 40, 0, 4, 12, 13, 17, 0, 0, 0, 'Redeye_Helmet.gif', 1500, 0, NULL, 0, 5184000, 9984),
(213, 'Stern Helmet', 9, 2, 15, 0, 18, 0, 38, 0, 13, 5, 12, 16, 0, 0, 0, 'Stern_Helmet.gif', 1500, 0, NULL, 0, 5184000, 9969),
(214, 'Stone Hemlet', 9, 2, 13, 0, 0, 17, 41, 0, 12, 12, 0, 18, 0, 0, 0, 'Stone_Hemlet.gif', 1500, 0, NULL, 0, 5184000, 9988),
(217, 'Rage Necklace', 8, 8, 16, 0, 15, 0, 23, 0, 9, 0, 9, 8, 0, 0, 0, 'Rage_Necklace.gif', 800, 0, NULL, 0, 5184000, 9973),
(218, 'Stone Necklace', 8, 8, 14, 0, 0, 13, 25, 0, 10, 9, 0, 9, 0, 0, 0, 'Stone_Necklace.gif', 800, 0, NULL, 0, 5184000, 9980),
(219, 'Sway Necklace', 9, 8, 18, 20, 0, 0, 27, 0, 0, 10, 10, 10, 0, 0, 0, 'Sway_Necklace.gif', 1600, 0, NULL, 0, 5184000, 9986),
(220, 'Gem Necklace', 9, 8, 19, 0, 19, 0, 27, 0, 10, 0, 10, 10, 0, 0, 0, 'Gem_Necklace.gif', 1600, 0, NULL, 0, 5184000, 9975),
(221, 'Wound Necklace', 9, 8, 17, 0, 0, 16, 29, 0, 10, 10, 0, 12, 0, 0, 0, 'Wound_Necklace.gif', 1600, 0, NULL, 0, 5184000, 9990),
(223, 'Relife +500', 0, 20, 0, 0, 0, 0, 0, 0, 0, 0, 0, 0, 0, 500, 0, 'magic.gif', 50, 0, 'Sicocxlis shevseba +500', 0, 5184000, 0),
(224, 'dzala +200', 0, 21, 200, 0, 0, 0, 0, 0, 0, 0, 0, 0, 0, 0, 0, 'magic.gif', 2000, 3600, 'droebit dzalis momateba', 0, 5184000, 9668),
(225, 'moqniloba +200', 0, 21, 0, 200, 0, 0, 0, 0, 0, 0, 0, 0, 0, 0, 0, 'magic.gif', 2000, 3600, 'droebit moqnilobis momateba', 0, 5184000, 9976),
(226, 'intuicia +200', 0, 21, 0, 0, 200, 0, 0, 0, 0, 0, 0, 0, 0, 0, 0, 'magic.gif', 2000, 3600, 'droebit intuiciis momateba', 0, 5184000, 9893),
(227, 'Sicocxle +1000', 0, 21, 0, 0, 0, 0, 200, 0, 0, 0, 0, 0, 0, 0, 0, 'magic.gif', 2000, 3600, 'droebit sicocxlis momateba', 0, 5184000, 9725),
(228, 'blokireba +200', 0, 21, 0, 0, 0, 200, 0, 0, 0, 0, 0, 0, 0, 0, 0, 'magic.gif', 2000, 3600, 'droebit blokirebis momateba', 0, 5184000, 9950),
(229, 'Broni +200', 0, 21, 0, 0, 0, 0, 0, 0, 0, 0, 0, 200, 0, 0, 0, 'magic.gif', 2000, 3600, 'droebit bronis momateba', 0, 5184000, 9645),
(232, 'Crook Knife UP2', 10, 1, 32, 0, 30, 0, 24, 0, 15, 10, 12, 0, 0, 0, 0, 'Crook_Knife_UP2.jpg', 2800, 0, NULL, 0, 5184000, 9949),
(231, 'Spiral Knife UP2', 10, 1, 30, 35, 0, 0, 25, 0, 10, 15, 15, 0, 0, 0, 0, 'Spiral_Knife_UP2.jpg', 2800, 0, NULL, 0, 5184000, 9990),
(233, 'Fatal Axe UP2', 10, 1, 34, 0, 0, 31, 30, 0, 15, 12, 5, 0, 0, 0, 0, 'Fatal_Axe_UP2.jpg', 2800, 0, NULL, 0, 5184000, 9987),
(234, 'Art Helmet UP2', 10, 2, 14, 25, 0, 0, 45, 0, 5, 15, 15, 22, 0, 0, 0, 'Art_Helmet_UP2.gif', 2800, 0, NULL, 0, 5184000, 9994),
(235, 'Bloob Helmet UP2', 10, 2, 18, 0, 22, 0, 42, 0, 15, 6, 13, 23, 0, 0, 0, 'Bloob_Helmet_UP2.gif', 2800, 0, NULL, 0, 5184000, 9975),
(236, 'Tough Helmet UP2', 10, 2, 19, 0, 0, 26, 46, 0, 16, 10, 0, 24, 0, 0, 0, 'Tough_Helmet_UP2.gif', 2800, 0, NULL, 0, 5184000, 9993),
(237, 'Small Pick', 5, 23, 0, 0, 0, 0, 0, 0, 0, 0, 0, 0, 10, 0, 0, 'Small_Pick.gif', 300, 0, 'Zrdis magaroshi mopovebis shans', 0, 2592000, 9907),
(239, 'Medium Pick', 10, 23, 0, 0, 0, 0, 0, 0, 0, 0, 0, 0, 20, 0, 0, 'Medium_Pick.gif', 1000, 0, 'Zrdis magaroshi mopovebis shans', 0, 2592000, 9822),
(241, 'Chain Armour UP2', 10, 3, 21, 24, 0, 0, 45, 0, 0, 12, 14, 20, 0, 0, 0, 'Chain_Armour_UP2.gif', 3000, 0, NULL, 0, 5184000, 9990),
(242, 'Schism Armour UP2', 10, 3, 22, 0, 21, 0, 43, 0, 0, 13, 13, 21, 0, 0, 0, 'Schism_Armour_UP2.gif', 3000, 0, NULL, 0, 5184000, 9981),
(243, 'Suffer Armour UP2', 10, 3, 21, 0, 0, 22, 47, 0, 13, 10, 0, 22, 0, 0, 0, 'Suffer_Armour_UP2.gif', 3000, 0, NULL, 0, 5184000, 9993),
(244, 'Angel Pents UP2', 10, 4, 20, 24, 0, 0, 45, 0, 0, 12, 15, 16, 0, 0, 0, 'Angel_Pents_UP2.gif', 2000, 0, NULL, 0, 5184000, 9992),
(245, 'First Pants UP2', 10, 4, 23, 0, 20, 0, 43, 0, 13, 0, 12, 18, 0, 0, 0, 'First_Pants_UP2.gif', 2000, 0, NULL, 0, 5184000, 9978),
(246, 'Rider Pants UP2', 10, 4, 22, 0, 0, 20, 46, 0, 14, 12, 0, 20, 0, 0, 0, 'Rider_Pants_UP2.gif', 2000, 0, NULL, 0, 5184000, 9994),
(249, 'Angel Boots UP2', 9, 5, 20, 23, 0, 0, 33, 0, 0, 13, 14, 17, 0, 0, 0, 'Angel_Boots_UP2.gif', 1500, 0, NULL, 0, 5184000, 9984),
(250, 'Silence Boots UP2', 9, 5, 21, 0, 23, 0, 30, 0, 14, 0, 13, 18, 0, 0, 0, 'Silence_Boots_UP2.gif', 1500, 0, NULL, 0, 5184000, 9968),
(251, 'Blood Boots UP2', 9, 5, 20, 0, 0, 21, 35, 0, 14, 13, 0, 19, 0, 0, 0, 'Blood_Boots_UP2.gif', 1500, 0, NULL, 0, 5184000, 9986),
(252, 'Pliable Gloves UP2', 10, 6, 21, 24, 0, 0, 32, 0, 0, 13, 14, 22, 0, 0, 0, 'Pliable_Gloves_UP2.gif', 3000, 0, NULL, 0, 5184000, 9997),
(253, 'Dex Gloves UP2', 10, 6, 23, 0, 22, 0, 30, 0, 14, 0, 13, 21, 0, 0, 0, 'Dex_Gloves_UP2.gif', 3000, 0, NULL, 0, 5184000, 9983),
(254, 'Hard Gloves UP2', 10, 6, 22, 0, 0, 20, 32, 0, 15, 12, 0, 25, 0, 0, 0, 'Hard_Gloves_UP2.gif', 3000, 0, NULL, 0, 5184000, 9993),
(255, 'Angel Ring UP2', 10, 7, 19, 21, 0, 0, 23, 0, 0, 10, 11, 9, 0, 0, 0, 'Angel_Ring_UP2.gif', 3000, 0, NULL, 0, 5184000, 9985),
(256, 'Blood Ring UP2', 10, 7, 18, 0, 20, 0, 24, 0, 10, 0, 10, 9, 0, 0, 0, 'Blood_Ring_UP2.gif', 3000, 0, NULL, 0, 5184000, 9934),
(257, 'Break Ring UP2', 10, 7, 18, 0, 0, 20, 25, 0, 12, 10, 0, 11, 0, 0, 0, 'Break_Ring_UP2.gif', 3000, 0, NULL, 0, 5184000, 9985),
(258, 'Angel Necklace UP2', 10, 8, 22, 25, 0, 0, 30, 0, 0, 11, 12, 12, 0, 0, 0, 'Angel_Necklace_UP2.gif', 3000, 0, NULL, 0, 5184000, 9996),
(259, 'Paladin Necklace UP2', 10, 8, 24, 0, 22, 0, 30, 0, 11, 0, 11, 13, 0, 0, 0, 'Paladin_Necklace_UP2.gif', 3000, 0, NULL, 0, 5184000, 9976),
(260, 'Break Necklace UP2', 10, 8, 21, 0, 0, 22, 32, 0, 13, 11, 0, 14, 0, 0, 0, 'Break_Necklace_UP2.gif', 3000, 0, NULL, 0, 5184000, 9994),
(263, 'Crinkly Boots UP2', 10, 5, 26, 0, 30, 0, 34, 0, 16, 0, 0, 23, 0, 0, 0, 'Crinkly_Boots_UP2.gif', 3000, 0, NULL, 0, 5184000, 9980),
(262, 'Clown Boots UP2', 10, 5, 23, 28, 0, 0, 36, 0, 0, 13, 14, 17, 0, 0, 0, 'Clown_Boots_UP2.gif', 3000, 0, NULL, 0, 5184000, 9993),
(264, 'Break Boots UP2', 10, 5, 26, 0, 0, 25, 39, 0, 15, 0, 0, 24, 0, 0, 0, 'Break_Boots_UP2.gif', 3000, 0, NULL, 0, 5184000, 9995),
(265, 'Taboo Knife UP2', 11, 1, 37, 41, 0, 0, 28, 0, 13, 17, 17, 0, 0, 0, 0, 'Taboo_Knife_UP2.gif', 6000, 0, NULL, 0, 5184000, 9981),
(266, 'Warrior Knife UP2', 11, 1, 42, 0, 37, 0, 29, 0, 18, 12, 14, 0, 0, 0, 0, 'Warrior_Knife_UP2.gif', 6000, 0, NULL, 0, 5184000, 9928),
(267, 'Round Axe UP2', 11, 1, 41, 0, 0, 38, 35, 0, 17, 14, 6, 0, 0, 0, 0, 'Round_Axe_UP2.gif', 6000, 0, NULL, 0, 5184000, 9977),
(268, 'Bronze_Helmet_UP2', 11, 2, 17, 31, 0, 0, 46, 0, 7, 16, 17, 24, 0, 0, 0, 'Bronze_Helmet_UP2.gif', 6000, 0, NULL, 0, 5184000, 9992),
(269, 'Nest Helmet UP2', 11, 2, 20, 0, 29, 0, 46, 0, 17, 7, 10, 26, 0, 0, 0, 'Nest_Helmet_UP2.gif', 6000, 0, NULL, 0, 5184000, 9957),
(270, 'Iron Helmet UP2', 11, 2, 21, 0, 0, 32, 50, 0, 16, 7, 5, 28, 0, 0, 0, 'Iron_Helmet_UP2.gif', 6000, 0, NULL, 0, 5184000, 9991),
(272, 'Spiral Armour UP2', 11, 3, 26, 0, 27, 0, 48, 0, 15, 0, 15, 28, 0, 0, 0, 'Spiral_Armour_UP2.gif', 6000, 0, NULL, 0, 5184000, 9958),
(273, 'Black Armour UP2', 11, 3, 25, 0, 0, 26, 50, 0, 14, 14, 0, 30, 0, 0, 0, 'Black_Armour_UP2.gif', 6000, 0, NULL, 0, 5184000, 9984),
(274, 'Foreigner Armour UP2', 11, 3, 27, 29, 0, 0, 46, 0, 0, 15, 16, 26, 0, 0, 0, 'Foreigner_Armour_UP2.gif', 6000, 0, NULL, 0, 5184000, 9988),
(275, 'Silence Pants UP2', 11, 4, 26, 31, 0, 0, 48, 0, 0, 14, 17, 23, 0, 0, 0, 'Silence_Pants_UP2.gif', 6000, 0, NULL, 0, 5184000, 9991),
(276, 'Critical Pants UP2', 11, 4, 28, 0, 27, 0, 49, 0, 15, 0, 16, 24, 0, 0, 0, 'Critical_Pants_UP2.gif', 6000, 0, NULL, 0, 5184000, 9964),
(277, 'Still Pants UP2', 11, 4, 29, 0, 0, 26, 50, 0, 15, 13, 0, 25, 0, 0, 0, 'Still_Pants_UP2.gif', 6000, 0, NULL, 0, 5184000, 9987),
(278, 'Way Boots UP2', 11, 5, 29, 36, 0, 0, 42, 0, 0, 15, 16, 22, 0, 0, 0, 'Way_Boots_UP2.gif', 6000, 0, NULL, 0, 5184000, 9992),
(279, 'Sand Boots UP2', 11, 5, 28, 0, 35, 0, 40, 0, 16, 0, 15, 26, 0, 0, 0, 'Sand_Boots_UP2.gif', 6000, 0, NULL, 0, 5184000, 9960),
(280, 'Stout Boots UP2', 11, 5, 29, 0, 0, 29, 44, 0, 15, 16, 0, 27, 0, 0, 0, 'Stout_Boots_UP2.gif', 6000, 0, NULL, 0, 5184000, 9990),
(281, 'Skin Gloves UP2', 11, 6, 29, 32, 0, 0, 36, 0, 0, 15, 16, 26, 0, 0, 0, 'Skin_Gloves_UP2.gif', 6000, 0, NULL, 0, 5184000, 9988),
(282, 'Pang Gloves UP2', 11, 6, 29, 0, 29, 0, 37, 0, 17, 0, 17, 28, 0, 0, 0, 'Pang_Gloves_UP2.gif', 6000, 0, NULL, 0, 5184000, 9953),
(283, 'Aluminum Gloves UP2', 11, 6, 28, 0, 0, 28, 39, 0, 16, 17, 0, 29, 0, 0, 0, 'Aluminum_Gloves_UP2.gif', 6000, 0, NULL, 0, 5184000, 9986),
(284, 'Mirror Ring UP2', 11, 7, 25, 26, 0, 0, 27, 0, 0, 11, 12, 11, 0, 0, 0, 'Mirror_Ring_UP2.gif', 6000, 0, NULL, 0, 5184000, 9970),
(285, 'Fortuna Ring UP2', 11, 7, 25, 0, 25, 0, 27, 0, 12, 0, 11, 12, 0, 0, 0, 'Fortuna_Ring_UP2.gif', 6000, 0, NULL, 0, 5184000, 9884),
(286, 'Gem Ring UP2', 11, 7, 23, 0, 0, 25, 28, 0, 11, 12, 0, 13, 0, 0, 0, 'Gem_Ring_UP2.gif', 6000, 0, NULL, 0, 5184000, 9947),
(287, 'Mirror Necklace UP2', 11, 8, 28, 30, 0, 0, 34, 0, 0, 13, 14, 14, 0, 0, 0, 'Mirror_Necklace_UP2.gif', 6000, 0, NULL, 0, 5184000, 9989),
(288, 'Bigfire Necklace UP2', 11, 8, 27, 0, 27, 0, 35, 0, 15, 0, 14, 15, 0, 0, 0, 'Bigfire_Necklace_UP2.gif', 6000, 0, NULL, 0, 5184000, 9966),
(289, 'Iron Necklace UP2', 11, 8, 26, 0, 0, 27, 37, 0, 14, 13, 0, 16, 0, 0, 0, 'Iron_Necklace_UP2.gif', 6000, 0, NULL, 0, 5184000, 9988);

-- --------------------------------------------------------

--
-- Структура таблицы `rpg_place`
--

CREATE TABLE IF NOT EXISTS `rpg_place` (
  `id` int(11) NOT NULL AUTO_INCREMENT,
  `icon` varchar(255) DEFAULT NULL,
  `pname_ge` varchar(255) DEFAULT NULL,
  `pname_eng` varchar(255) DEFAULT NULL,
  `parent` int(11) NOT NULL DEFAULT '0',
  `function` varchar(255) DEFAULT NULL,
  `isbots` int(1) DEFAULT '0',
  PRIMARY KEY (`id`),
  KEY `isbots` (`isbots`)
) ENGINE=MyISAM  DEFAULT CHARSET=cp1251 AUTO_INCREMENT=31 ;

--
-- Дамп данных таблицы `rpg_place`
--

INSERT INTO `rpg_place` (`id`, `icon`, `pname_ge`, `pname_eng`, `parent`, `function`, `isbots`) VALUES
(1, NULL, 'Qalaqi', 'City', 0, NULL, 0),
(2, NULL, 'Tyis Biliki', 'Forest track', 1, 'aboutforest', 0),
(3, NULL, 'Tye Lokacia 1', 'Forest location 1', 2, NULL, 1),
(4, NULL, 'Tye Lokacia 2', 'Forest location 2', 2, NULL, 1),
(5, '', 'Tye Lokacia 3', 'Forest location 3', 2, NULL, 1),
(6, NULL, 'Tye Lokacia 4', 'Forest location 4', 2, NULL, 1),
(7, NULL, 'Tye Lokacia 5', 'Forest location 5', 2, NULL, 1),
(8, '', 'Drakonis bude', 'Dragons Lair', 2, '', 1),
(18, NULL, 'Lokacia 4', 'Location 4', 17, NULL, 1),
(17, NULL, 'Lokacia 3', 'Location 3', 16, NULL, 1),
(16, NULL, 'Lokacia 2', 'Location 2', 15, NULL, 1),
(15, NULL, 'Lokacia 1', 'Location 1', 1, NULL, 1),
(13, NULL, 'Madneulis Magaro', 'Minerals Mine', 1, 'pitPlace', 0),
(14, NULL, 'Qalaqis uxucesi', 'City Elder', 1, 'questH', 0),
(19, NULL, 'Lokacia 1', 'Location 1', 1, NULL, 1),
(20, NULL, 'Lokacia 2', 'Location 2', 19, NULL, 1),
(21, NULL, 'Lokacia 3', 'Location 3', 20, NULL, 1),
(22, NULL, 'Lokacia 4', 'Location 4', 21, NULL, 1),
(23, NULL, 'Lokacia 1', 'Location 1', 1, NULL, 1),
(24, NULL, 'Lokacia 2', 'Location 2', 23, NULL, 1),
(25, NULL, 'Lokacia 3', 'Location 3', 24, NULL, 1),
(26, NULL, 'Lokacia 4', 'Location 4', 25, NULL, 1),
(27, NULL, 'Lokacia 1', 'Location 1', 1, NULL, 1),
(28, NULL, 'Lokacia 2', 'Location 2', 27, NULL, 1),
(29, NULL, 'Lokacia 3', 'Location 3', 28, NULL, 1),
(30, NULL, 'Lokacia 4', 'Location 4', 29, NULL, 1);

-- --------------------------------------------------------

--
-- Структура таблицы `rpg_postbag`
--

CREATE TABLE IF NOT EXISTS `rpg_postbag` (
  `id` int(11) NOT NULL AUTO_INCREMENT,
  `sid` int(11) DEFAULT '0',
  `slogin` varchar(255) DEFAULT '0',
  `reid` int(11) DEFAULT '0',
  `msg` text,
  `readit` int(1) DEFAULT '0',
  `sdate` datetime DEFAULT NULL,
  PRIMARY KEY (`id`)
) ENGINE=MyISAM DEFAULT CHARSET=cp1251 AUTO_INCREMENT=1 ;

-- --------------------------------------------------------

--
-- Структура таблицы `rpg_profes`
--

CREATE TABLE IF NOT EXISTS `rpg_profes` (
  `id` int(11) NOT NULL AUTO_INCREMENT,
  `uid` int(11) DEFAULT '0',
  `profid` int(11) DEFAULT '0',
  `profexp` int(11) DEFAULT '0',
  `wprice` int(3) NOT NULL DEFAULT '0',
  `lastwork` int(11) DEFAULT '0',
  PRIMARY KEY (`id`)
) ENGINE=MyISAM DEFAULT CHARSET=cp1251 AUTO_INCREMENT=1 ;

-- --------------------------------------------------------

--
-- Структура таблицы `rpg_quest`
--

CREATE TABLE IF NOT EXISTS `rpg_quest` (
  `id` int(11) NOT NULL AUTO_INCREMENT,
  `about_ge` text,
  `about_eng` text,
  `answer_ge` text,
  `answer_eng` text,
  `waittext_ge` varchar(255) DEFAULT NULL,
  `waittext_eng` varchar(255) DEFAULT NULL,
  `anchor_ge` varchar(255) DEFAULT NULL,
  `anchor_eng` varchar(255) DEFAULT NULL,
  `gift` int(11) DEFAULT '0',
  `money` int(11) DEFAULT '0',
  `fbot` int(11) DEFAULT '0',
  `lvl` int(11) DEFAULT '0',
  `step` int(2) DEFAULT '0',
  PRIMARY KEY (`id`)
) ENGINE=MyISAM  DEFAULT CHARSET=latin1 AUTO_INCREMENT=6 ;

--
-- Дамп данных таблицы `rpg_quest`
--

INSERT INTO `rpg_quest` (`id`, `about_ge`, `about_eng`, `answer_ge`, `answer_eng`, `waittext_ge`, `waittext_eng`, `anchor_ge`, `anchor_eng`, `gift`, `money`, `fbot`, `lvl`, `step`) VALUES
(1, 'Mogesalmebi axalbeda meomaro, rogorc vxedav jer ar gacnobilxar am samyaros. \r\naq shen gelodeba mudmivi brdzolebi da tavgadasavlebi. manamde ki shegidzlia sheni dzalebi chemtan gamocado shemebrdzole da tu momigeb chemgan gasamrjelosac miigeb', 'My Dear New Warrior!\r\nSeems like you have not got acquainted to this world. Constant battles and adventures are awaiting for your here. Before that, you can test your skills with me, fight me and if you win you will even get some reward from me.', 'Yochag shen damimtkice sheni sidzliere. gaitvaliswine sheni sidzliere damokidebulia shens parametrebze parametrebis gazrda ki shegidzlia tavad tu kargi iaragebi geqneba aige chemgan es xmali. ', 'Well Done! You have proved to me your strength. Beware, that your strength depends on your stats. You can improve your stats yourself if you will get good weapons! Now, take this sword!', NULL, NULL, 'Shevebrdzolot', 'Fight', 4, 0, 18, 0, 0),
(2, 'Daimaxsovre sheni sidzliere damokidebulia shens parametrebze, parametrebis shesaxeb shegidzlia waikitxo qvevit daxmarebashi. axla ki shedi chantashi shemdeg iaragebshi da chaicvi chemi mocemuli xmali.', 'Remember your strength depends on stats, you can read about the stats below in Game Help. Now proceed to the BAG, then to weapons and take the sword.', 'yochag warmatebiit gaartvi davalebas tavi miige chemgan cotaodeni oqro. oqro chven samyaroshi aris fuli romlitac titiqmis yvelafris yidva shegidzlia magaziashi, magram iqneb manamde sheni axali xmlis gamocda ginda?', 'Good Job! You have successfully completed the task. Receive some gold from me. Gold is the money in our world, with which you can buy anything in the shop, but maybe before you would like to try out your new sword?', 'Shen kidev ar shegisrulebia chemi davaleba ubralod unda shexvide chantashi shemdeg iaragebshi da chaicva', 'You have not completed given task yet! Simply go to the Bag, then to weapons and put it on', 'Me amas gavaketeb', 'Get quest', 0, 2, 0, 0, 0),
(3, 'gamocade sheni axali xmali da sheebrdzole cxovels romelic karis ukan imaleba', 'Try your new sword out and fight the animal which is hiding behind the door', 'Yochag shen martivad gaartvi tavi am davalebas. daimaxsovre cxovelebtan brdzolisas shen igeb gamocdilebas EXP-s ritac dones imateb da OQRO-s ritac shegidzlia magaziashi nivtebi sheidzino ', 'Well Done! You have easily completed this task. Remember, while fighting the animals you are getting more experience EXP, which will let you to proceed to next levels and you get Gold which you can use to buy things in the store.', 'Samwuxarod shen kidev ver sheasrule chemi davaleba', 'You have not completed given task yet! ', 'Karis gageba', 'Open the door', 0, 1, 1, 0, 0),
(4, 'Axla droa sakutari dzalebi gamocado sxva gmirebtan wadi galaqshi shedi duelebshi ,  modzebne mowinaagmdege da sheebrdzole tu gaimarjveb dabrundi chemtan da chemgan jildosac miigeb', 'now it is time to test your strength with other characters. go to the town, participate in duels, find an opponent and fight! If you win, return to me and you will get a reward!', 'Yochag vxedav sheni shesadzleblobebi izrdeba miige chemgan jildo', 'Well Done! I see you skills are increasing so receive a reward from me', 'Daimaxsovre unda moxvde qalaqshi da gaimarjvo duelshi', 'Remember, you need to go to the town and win the duels', 'Davalebis ageba', 'Take quest', 0, 2, 0, 0, 0),
(5, 'Axla ki droa gadaxvide shemdeg levelze rata gagexsnas bevri shesadzleblobebi. amisatvis gaagrdzele duelebshi brdzola da gadadi 1 levelze', 'Now it is time to proceed to next level, in order to open new opportunities. For this you need to continue to fight in duels and proceed to Level 1', 'gilocav shen ukve 1 leveli xar ar dagaviwydes moimato parametrebi amisatvis sachiroa shexvide shens saxelshi zemot. ', 'Congratulations, you are on level 1. Do not forget to add stats, for this you need to go to Home above', 'Shen isev 0 leveli xar dabrundi roca 1 gaxdebi', 'You are still on Level 0, come back when you are on Level 1', 'Kargi', 'OK', 0, 2, 0, 0, 0);

-- --------------------------------------------------------

--
-- Структура таблицы `rpg_realbots`
--

CREATE TABLE IF NOT EXISTS `rpg_realbots` (
  `bid` int(11) NOT NULL AUTO_INCREMENT,
  `name` varchar(16) DEFAULT NULL,
  `level` int(4) NOT NULL DEFAULT '0',
  `place` int(11) NOT NULL DEFAULT '0',
  `strength` float NOT NULL DEFAULT '0',
  `accuracy` float NOT NULL DEFAULT '0',
  `dexterity` float NOT NULL DEFAULT '0',
  `blocking` float DEFAULT '0',
  `ant_accuracy` float NOT NULL DEFAULT '0',
  `ant_dexterity` float NOT NULL DEFAULT '0',
  `ant_blocking` float DEFAULT '0',
  `life` int(11) DEFAULT '0',
  `rlife` int(11) NOT NULL DEFAULT '0',
  `intelect` int(4) DEFAULT '0',
  `bron` float DEFAULT '0',
  `agres` int(1) DEFAULT '0',
  `get_exp` int(11) DEFAULT '0',
  `get_drop` float DEFAULT '0',
  `act` int(3) NOT NULL DEFAULT '0',
  `quest` int(11) DEFAULT '0',
  PRIMARY KEY (`bid`)
) ENGINE=MyISAM  DEFAULT CHARSET=cp1251 AUTO_INCREMENT=59 ;

--
-- Дамп данных таблицы `rpg_realbots`
--

INSERT INTO `rpg_realbots` (`bid`, `name`, `level`, `place`, `strength`, `accuracy`, `dexterity`, `blocking`, `ant_accuracy`, `ant_dexterity`, `ant_blocking`, `life`, `rlife`, `intelect`, `bron`, `agres`, `get_exp`, `get_drop`, `act`, `quest`) VALUES
(1, 'Mela', 0, 3, 2, 4, 0, 0, 4, 4, 4, 15, 0, 0, 0, 0, 2, 0.03, 0, NULL),
(2, 'Tura', 1, 3, 3, 5, 5, 2, 5, 5, 5, 30, 0, 0, 0, 0, 8, 0.1, 0, NULL),
(3, 'Gareuli Taxi', 2, 3, 13, 4, 4, 20, 10, 10, 10, 70, 0, 0, 2, 1, 16, 0.2, 0, NULL),
(4, 'Gveli kobra', 3, 4, 30, 30, 5, 2, 20, 20, 20, 90, 0, 0, 5, 1, 26, 0.25, 0, NULL),
(7, 'Bizoni', 4, 4, 40, 10, 10, 40, 25, 25, 25, 130, 0, 0, 5, 1, 38, 0.4, 0, NULL),
(6, 'Tetri mgeli', 5, 4, 55, 20, 55, 20, 30, 30, 30, 180, 0, 0, 8, 1, 60, 0.6, 0, NULL),
(8, 'Aftari', 6, 5, 70, 70, 40, 40, 40, 40, 40, 250, 0, 0, 9, 1, 60, 0.85, 0, NULL),
(9, 'Ruxi Mgeli', 6, 5, 90, 45, 85, 45, 50, 50, 50, 400, 0, 0, 13, 1, 78, 1.15, 0, NULL),
(10, 'Ruxi Datvi', 7, 5, 110, 45, 45, 110, 65, 65, 65, 500, 0, 0, 18, 1, 98, 1.55, 0, NULL),
(11, 'Vefxvi', 8, 6, 130, 130, 50, 50, 75, 75, 75, 600, 0, 0, 24, 1, 120, 2, 0, NULL),
(12, 'Shavi Datvi', 9, 6, 150, 25, 65, 150, 90, 90, 90, 700, 0, 0, 30, 1, 144, 2.6, 0, NULL),
(13, 'Anakonda', 10, 6, 170, 160, 55, 70, 110, 110, 110, 800, 0, 0, 36, 1, 170, 3.3, 0, NULL),
(14, 'Niangi', 11, 7, 190, 65, 180, 70, 120, 120, 120, 900, 0, 0, 45, 1, 198, 4.1, 0, NULL),
(15, 'Xvliki Varani', 12, 7, 210, 70, 80, 200, 130, 130, 130, 1100, 0, 0, 55, 1, 228, 5, 0, NULL),
(16, 'Lomi', 13, 7, 230, 230, 100, 60, 140, 140, 140, 1300, 0, 0, 70, 1, 260, 6, 0, NULL),
(17, 'Tetri Drakoni', 14, 8, 250, 280, 280, 280, 170, 170, 170, 1500, 0, 0, 90, 1, 300, 10, 0, NULL),
(18, 'Uxucesi', 0, 14, 2, 2, 2, 2, 2, 2, 2, 10, 10, 0, 0, 0, 20, 0, 0, 1),
(19, 'Gremlin 1', 3, 15, 30, 20, 20, 20, 20, 20, 20, 100, 0, 10, 5, 5, 40, 0.4, 0, 0),
(20, 'Goblin 1', 3, 15, 35, 25, 25, 25, 25, 25, 25, 150, 0, 15, 10, 10, 50, 0.5, 0, 0),
(21, 'Zombie 1', 3, 15, 40, 30, 30, 30, 30, 30, 30, 200, 0, 20, 15, 15, 80, 0.6, 0, 0),
(22, 'Werewolf 1', 4, 16, 45, 35, 35, 35, 35, 35, 35, 250, 0, 25, 20, 20, 100, 0.7, 0, 0),
(23, 'Orc Archer 1', 4, 16, 50, 40, 40, 40, 40, 40, 40, 300, 0, 30, 25, 25, 150, 0.9, 0, 0),
(24, 'Vampire Bat 1', 4, 16, 55, 45, 45, 45, 45, 45, 45, 350, 0, 35, 30, 30, 200, 1, 0, 0),
(25, 'Evil Eye 1', 4, 17, 60, 50, 50, 50, 50, 50, 50, 400, 0, 40, 35, 35, 250, 1.2, 0, 0),
(26, 'Skeleton 1', 5, 17, 65, 55, 55, 55, 55, 55, 55, 450, 0, 45, 40, 40, 300, 1.4, 0, 0),
(27, 'Fungus 1', 5, 17, 70, 60, 60, 60, 60, 60, 60, 500, 0, 50, 45, 45, 390, 1.5, 0, 0),
(28, 'Colossus 1', 5, 18, 75, 65, 65, 65, 65, 65, 65, 550, 0, 55, 50, 50, 500, 1.7, 0, 0),
(29, 'Gremlin 2', 5, 19, 35, 25, 25, 25, 25, 25, 25, 150, 0, 15, 10, 5, 100, 0.7, 0, 0),
(30, 'Goblin 2', 6, 19, 45, 35, 35, 35, 35, 35, 35, 250, 0, 25, 20, 10, 150, 0.8, 0, 0),
(31, 'Zombie 2', 6, 19, 55, 45, 45, 45, 45, 45, 45, 350, 0, 35, 30, 15, 200, 1, 0, 0),
(32, 'Werewolf 2', 6, 20, 65, 55, 55, 55, 55, 55, 55, 450, 0, 45, 40, 20, 250, 1.4, 0, 0),
(33, 'Orc Archer 2', 7, 20, 75, 65, 65, 65, 65, 65, 65, 550, 0, 55, 50, 25, 300, 1.7, 0, 0),
(34, 'Vampire Bat 2', 7, 20, 85, 75, 75, 75, 75, 75, 75, 650, 0, 65, 60, 30, 450, 1.8, 0, 0),
(35, 'Evil Eye 2', 7, 21, 95, 85, 85, 85, 85, 85, 85, 750, 0, 75, 70, 35, 600, 2.1, 0, 0),
(36, 'Skeleton 2', 7, 21, 105, 95, 95, 95, 95, 95, 95, 850, 0, 85, 80, 40, 800, 2.4, 0, 0),
(37, 'Fungus 2', 8, 21, 115, 105, 105, 105, 105, 105, 105, 950, 0, 95, 90, 45, 1100, 2.7, 0, 0),
(38, 'Colossus 2', 8, 22, 125, 115, 115, 115, 115, 115, 115, 1050, 0, 105, 100, 50, 1400, 3.2, 0, 0),
(39, 'Gremlin 3', 8, 23, 45, 35, 35, 35, 35, 35, 35, 250, 0, 25, 20, 5, 350, 1, 0, 0),
(40, 'Goblin 3', 8, 23, 60, 50, 50, 50, 50, 50, 50, 400, 0, 40, 35, 10, 450, 1.3, 0, 0),
(41, 'Zombie 3', 9, 23, 75, 65, 65, 65, 65, 65, 65, 550, 0, 55, 50, 15, 550, 1.5, 0, 0),
(42, 'Werewolf 3', 9, 24, 90, 80, 80, 80, 80, 80, 80, 700, 0, 70, 65, 20, 700, 1.9, 0, 0),
(43, 'Orc Archer 3', 9, 24, 105, 95, 95, 95, 95, 95, 95, 850, 0, 85, 80, 25, 900, 2.2, 0, 0),
(44, 'Vampire Bat 3', 10, 24, 120, 110, 110, 110, 110, 110, 110, 1000, 0, 100, 95, 30, 1150, 2.6, 0, 0),
(45, 'Evil Eye 3', 10, 25, 135, 125, 125, 125, 125, 125, 125, 1150, 0, 115, 110, 35, 1400, 3, 0, 0),
(46, 'Skeleton 3', 10, 25, 150, 140, 140, 140, 140, 140, 140, 1300, 0, 130, 125, 40, 1650, 3.4, 0, 0),
(47, 'Fungus 3', 11, 25, 165, 155, 155, 155, 155, 155, 155, 1450, 0, 145, 140, 45, 2000, 3.8, 0, 0),
(48, 'Colossus 3', 11, 26, 180, 170, 170, 170, 170, 170, 170, 1600, 0, 160, 155, 50, 2400, 4.2, 0, 0),
(49, 'Gremlin 4', 11, 27, 60, 50, 50, 50, 50, 50, 50, 400, 0, 40, 35, 5, 500, 1.5, 0, 0),
(50, 'Goblin 4', 11, 27, 80, 70, 70, 70, 70, 70, 70, 600, 0, 60, 55, 10, 650, 1.8, 0, 0),
(51, 'Zombie 4', 12, 27, 100, 90, 90, 90, 90, 90, 90, 800, 0, 80, 75, 15, 900, 2.3, 0, 0),
(52, 'Werewolf 4', 12, 28, 120, 110, 110, 110, 110, 110, 110, 1000, 0, 100, 95, 20, 1250, 2.8, 0, 0),
(53, 'Orc Archer 4', 12, 28, 140, 130, 130, 130, 130, 130, 130, 1200, 0, 120, 115, 25, 1600, 3.4, 0, 0),
(54, 'Vampire Bat 4', 13, 28, 160, 150, 150, 150, 150, 150, 150, 1400, 0, 140, 135, 30, 2000, 4.2, 0, 0),
(55, 'Evil Eye 4', 13, 29, 180, 170, 170, 170, 170, 170, 170, 1600, 0, 160, 155, 35, 2600, 5.2, 0, 0),
(56, 'Skeleton 4', 13, 29, 200, 190, 190, 190, 190, 190, 190, 1800, 0, 180, 175, 40, 3200, 6.4, 0, 0),
(57, 'Fungus 4', 13, 29, 220, 210, 210, 210, 210, 210, 210, 2000, 0, 200, 195, 45, 3800, 7.5, 0, 0),
(58, 'Colossus 4', 14, 30, 240, 230, 230, 230, 230, 230, 230, 2200, 0, 220, 215, 50, 4500, 9, 0, 0);

-- --------------------------------------------------------

--
-- Структура таблицы `rpg_updates`
--

CREATE TABLE IF NOT EXISTS `rpg_updates` (
  `id` int(11) NOT NULL AUTO_INCREMENT,
  `uptime` varchar(50) DEFAULT NULL,
  PRIMARY KEY (`id`)
) ENGINE=MyISAM DEFAULT CHARSET=latin1 AUTO_INCREMENT=1 ;

-- --------------------------------------------------------

--
-- Структура таблицы `rpg_userduelbattles`
--

CREATE TABLE IF NOT EXISTS `rpg_userduelbattles` (
  `id` int(11) NOT NULL AUTO_INCREMENT,
  `user1` int(11) NOT NULL DEFAULT '0',
  `user2` int(11) DEFAULT '0',
  `minlvl` int(2) NOT NULL DEFAULT '0',
  `maxlvl` int(2) NOT NULL DEFAULT '0',
  `ctime` bigint(22) NOT NULL DEFAULT '0',
  `endtime` bigint(22) NOT NULL DEFAULT '0',
  `btime` int(3) NOT NULL DEFAULT '0',
  `status` int(1) NOT NULL DEFAULT '0',
  `hit1` int(11) DEFAULT '0',
  `hit2` int(11) DEFAULT '0',
  `user1Hits` int(1) DEFAULT '0',
  `user2Hits` int(1) DEFAULT '0',
  `user1Exp` float DEFAULT '0',
  `user2Exp` float DEFAULT '0',
  `acttime` bigint(15) DEFAULT '0',
  `winer` int(3) NOT NULL DEFAULT '0',
  `type` int(1) DEFAULT '0',
  PRIMARY KEY (`id`)
) ENGINE=MyISAM DEFAULT CHARSET=cp1251 AUTO_INCREMENT=1 ;

-- --------------------------------------------------------

--
-- Структура таблицы `rpg_users`
--

CREATE TABLE IF NOT EXISTS `rpg_users` (
  `id` int(11) NOT NULL AUTO_INCREMENT,
  `login` varchar(16) DEFAULT NULL,
  `password` varchar(16) DEFAULT NULL,
  `sex` int(1) NOT NULL,
  `inf` varchar(255) DEFAULT NULL,
  `rasa` int(1) NOT NULL DEFAULT '0',
  `level` int(4) NOT NULL DEFAULT '0',
  `money` float(11,2) DEFAULT '0.00',
  `medals` int(11) DEFAULT '0',
  `exp` int(11) DEFAULT '0',
  `animal` int(11) DEFAULT '0',
  `clanid` int(11) DEFAULT '0',
  `postid` int(11) DEFAULT NULL,
  `actquest` int(2) DEFAULT '0',
  `pitexp` int(11) DEFAULT '0',
  `huntexp` int(11) DEFAULT '0',
  `wins` int(11) NOT NULL DEFAULT '0',
  `loses` int(11) NOT NULL DEFAULT '0',
  `unused_points` int(4) NOT NULL DEFAULT '0',
  `place` int(11) NOT NULL DEFAULT '0',
  `strength` int(4) NOT NULL DEFAULT '0',
  `accuracy` int(4) NOT NULL DEFAULT '0',
  `dexterity` int(4) NOT NULL DEFAULT '0',
  `blocking` int(11) DEFAULT '0',
  `intelect` int(11) DEFAULT '0',
  `ant_accuracy` int(4) NOT NULL DEFAULT '0',
  `ant_dexterity` int(4) NOT NULL DEFAULT '0',
  `ant_blocking` int(11) DEFAULT '0',
  `life_points` int(4) DEFAULT NULL,
  `life` int(4) DEFAULT NULL,
  `mana_points` int(4) DEFAULT NULL,
  `mana` int(4) DEFAULT NULL,
  `bron` int(4) DEFAULT NULL,
  `wbattle` varchar(50) DEFAULT '0',
  `act` varchar(50) DEFAULT '0',
  `viewb` varchar(20) NOT NULL DEFAULT '0',
  `newpost` int(11) DEFAULT NULL,
  `img` varchar(255) DEFAULT NULL,
  `huntcount` varchar(20) DEFAULT '0',
  `last_update` bigint(20) NOT NULL DEFAULT '0',
  `last_inst` int(15) DEFAULT '0',
  `last_visit` bigint(15) DEFAULT NULL,
  `reg_date` datetime DEFAULT NULL,
  `ua` varchar(255) DEFAULT NULL,
  `uip` varchar(255) DEFAULT NULL,
  `tld` varchar(3) DEFAULT NULL,
  `lang` int(1) DEFAULT '1',
  `bann` int(11) DEFAULT NULL,
  `cook` int(11) DEFAULT '0',
  `theme` int(1) DEFAULT '0',
  PRIMARY KEY (`id`),
  KEY `sex` (`sex`,`rasa`,`level`,`actquest`,`unused_points`,`place`,`mana_points`)
) ENGINE=MyISAM  DEFAULT CHARSET=cp1251 AUTO_INCREMENT=2 ;

--
-- Дамп данных таблицы `rpg_users`
--

INSERT INTO `rpg_users` (`id`, `login`, `password`, `sex`, `inf`, `rasa`, `level`, `money`, `medals`, `exp`, `animal`, `clanid`, `postid`, `actquest`, `pitexp`, `huntexp`, `wins`, `loses`, `unused_points`, `place`, `strength`, `accuracy`, `dexterity`, `blocking`, `intelect`, `ant_accuracy`, `ant_dexterity`, `ant_blocking`, `life_points`, `life`, `mana_points`, `mana`, `bron`, `wbattle`, `act`, `viewb`, `newpost`, `img`, `huntcount`, `last_update`, `last_inst`, `last_visit`, `reg_date`, `ua`, `uip`, `tld`, `lang`, `bann`, `cook`, `theme`) VALUES
(1, 'admin', 'admin', 1, NULL, 1, 0, 2.00, 0, 0, 0, 0, NULL, 0, 0, 0, 0, 0, 0, 1, 3, 3, 3, 3, 0, 0, 0, 0, 6, 30, 0, 0, 0, '0', '0', '0', NULL, '1.gif', '0', 1410905402, 0, 1410905402, '2014-09-17 02:09:45', 'Mozilla/5.0 (Windows NT 6.1) AppleWebKit/537.36 (KHTML, like Gecko) Chrome/37.0.2062.120 Safari/537.36', '127.0.0.1', NULL, 1, NULL, 0, 0);

-- --------------------------------------------------------

--
-- Структура таблицы `rpg_usersanimals`
--

CREATE TABLE IF NOT EXISTS `rpg_usersanimals` (
  `aid` int(11) NOT NULL AUTO_INCREMENT,
  `usid` int(11) DEFAULT '0',
  `type` int(1) DEFAULT NULL,
  `fmeal` int(3) DEFAULT NULL,
  `replete` int(3) DEFAULT '0',
  `mainname` varchar(255) DEFAULT NULL,
  `aname` varchar(16) DEFAULT NULL,
  `exp` int(11) DEFAULT '0',
  `alevel` int(4) NOT NULL DEFAULT '0',
  `strength` float NOT NULL DEFAULT '0',
  `accuracy` float NOT NULL DEFAULT '0',
  `dexterity` float NOT NULL DEFAULT '0',
  `blocking` float DEFAULT '0',
  `ant_accuracy` float NOT NULL DEFAULT '0',
  `ant_dexterity` float NOT NULL DEFAULT '0',
  `ant_blocking` float DEFAULT '0',
  `life` int(11) DEFAULT '0',
  `rlife` int(11) NOT NULL DEFAULT '0',
  `mana` int(4) DEFAULT '0',
  `bron` float DEFAULT '0',
  `act` varchar(50) DEFAULT '0',
  PRIMARY KEY (`aid`)
) ENGINE=MyISAM DEFAULT CHARSET=cp1251 AUTO_INCREMENT=1 ;

-- --------------------------------------------------------

--
-- Структура таблицы `rpg_usersquest`
--

CREATE TABLE IF NOT EXISTS `rpg_usersquest` (
  `id` int(11) NOT NULL AUTO_INCREMENT,
  `uid` int(11) DEFAULT '0',
  `qid` int(2) DEFAULT '0',
  `qsum` int(3) DEFAULT NULL,
  `qitem` varchar(255) DEFAULT NULL,
  `status` int(1) DEFAULT '0',
  PRIMARY KEY (`id`)
) ENGINE=MyISAM DEFAULT CHARSET=cp1251 AUTO_INCREMENT=1 ;

-- --------------------------------------------------------

--
-- Структура таблицы `rpg_worck`
--

CREATE TABLE IF NOT EXISTS `rpg_worck` (
  `id` int(11) NOT NULL AUTO_INCREMENT,
  `uid` int(11) DEFAULT '0',
  `type` int(11) DEFAULT '0',
  `startt` int(11) NOT NULL DEFAULT '0',
  `durt` int(11) DEFAULT '0',
  PRIMARY KEY (`id`)
) ENGINE=MyISAM DEFAULT CHARSET=latin1 AUTO_INCREMENT=1 ;

-- --------------------------------------------------------

--
-- Структура таблицы `stats`
--

CREATE TABLE IF NOT EXISTS `stats` (
  `id` int(10) NOT NULL AUTO_INCREMENT,
  `ip` varchar(255) DEFAULT NULL,
  `browser` varchar(255) DEFAULT NULL,
  `date` datetime DEFAULT NULL,
  `referer` varchar(255) DEFAULT NULL,
  PRIMARY KEY (`id`)
) ENGINE=MyISAM DEFAULT CHARSET=latin1 AUTO_INCREMENT=1 ;

-- --------------------------------------------------------

--
-- Структура таблицы `usersactionlog`
--

CREATE TABLE IF NOT EXISTS `usersactionlog` (
  `id` int(11) NOT NULL AUTO_INCREMENT,
  `id1` int(11) DEFAULT NULL,
  `login1` varchar(255) DEFAULT NULL,
  `id2` int(11) DEFAULT NULL,
  `description` varchar(255) DEFAULT NULL,
  PRIMARY KEY (`id`)
) ENGINE=MyISAM DEFAULT CHARSET=cp1251 AUTO_INCREMENT=1 ;

-- --------------------------------------------------------

--
-- Структура таблицы `users_items`
--

CREATE TABLE IF NOT EXISTS `users_items` (
  `utid` int(11) NOT NULL AUTO_INCREMENT,
  `usid` int(11) DEFAULT '0',
  `itid` int(11) DEFAULT '0',
  `itname` varchar(255) DEFAULT NULL,
  `lvl` int(11) DEFAULT '0',
  `ittype` int(11) DEFAULT '0',
  `strength_p` int(3) DEFAULT '0',
  `accuracy_p` int(3) DEFAULT '0',
  `dexterity_p` int(3) DEFAULT '0',
  `blocking_p` int(3) DEFAULT '0',
  `life_p` int(3) DEFAULT '0',
  `mana_p` int(3) DEFAULT '0',
  `ant_accuracy_p` int(3) DEFAULT '0',
  `ant_dexterity_p` int(3) DEFAULT '0',
  `ant_blocking_p` int(3) DEFAULT '0',
  `bron_p` int(3) DEFAULT '0',
  `dig_p` int(3) DEFAULT '0',
  `rest_life` int(4) DEFAULT '0',
  `rest_mana` int(4) DEFAULT '0',
  `acttime` int(11) DEFAULT '0',
  `description` varchar(255) DEFAULT NULL,
  `nore` int(1) DEFAULT '0',
  `img` varchar(255) DEFAULT NULL,
  `price` float DEFAULT '0',
  `modit` varchar(5) DEFAULT NULL,
  `broktime` bigint(21) DEFAULT '0',
  `act` int(3) DEFAULT '0',
  `theme` int(1) DEFAULT '1',
  PRIMARY KEY (`utid`),
  KEY `usid` (`usid`,`itid`,`lvl`,`ittype`,`price`)
) ENGINE=MyISAM  DEFAULT CHARSET=cp1251 AUTO_INCREMENT=2 ;

--
-- Дамп данных таблицы `users_items`
--

INSERT INTO `users_items` (`utid`, `usid`, `itid`, `itname`, `lvl`, `ittype`, `strength_p`, `accuracy_p`, `dexterity_p`, `blocking_p`, `life_p`, `mana_p`, `ant_accuracy_p`, `ant_dexterity_p`, `ant_blocking_p`, `bron_p`, `dig_p`, `rest_life`, `rest_mana`, `acttime`, `description`, `nore`, `img`, `price`, `modit`, `broktime`, `act`, `theme`) VALUES
(1, 1, 0, 'Newbie Relife', 0, 21, 0, 0, 0, 0, 0, 0, 0, 0, 0, 0, 0, 500, 0, 1410991785, NULL, 0, NULL, 0, NULL, 1410991785, 21, 1);

-- --------------------------------------------------------

--
-- Структура таблицы `users_ref`
--

CREATE TABLE IF NOT EXISTS `users_ref` (
  `id` int(11) NOT NULL AUTO_INCREMENT,
  `uid` int(11) DEFAULT '0',
  `ref` int(11) DEFAULT '0',
  `regdate` datetime DEFAULT NULL,
  PRIMARY KEY (`id`)
) ENGINE=MyISAM DEFAULT CHARSET=cp1251 AUTO_INCREMENT=1 ;

-- --------------------------------------------------------

--
-- Структура таблицы `users_resours`
--

CREATE TABLE IF NOT EXISTS `users_resours` (
  `id` int(11) NOT NULL AUTO_INCREMENT,
  `uid` int(11) DEFAULT '0',
  `type1` int(11) DEFAULT '0',
  `type2` int(11) DEFAULT '0',
  `type3` int(11) DEFAULT '0',
  `type4` int(11) DEFAULT '0',
  `type5` int(11) DEFAULT '0',
  `type6` int(11) DEFAULT '0',
  `type7` int(11) DEFAULT '0',
  PRIMARY KEY (`id`),
  KEY `uid` (`uid`),
  KEY `type1` (`type1`),
  KEY `type2` (`type2`),
  KEY `type3` (`type3`),
  KEY `type4` (`type4`),
  KEY `type5` (`type5`),
  KEY `type6` (`type6`),
  KEY `type7` (`type7`)
) ENGINE=MyISAM DEFAULT CHARSET=latin1 AUTO_INCREMENT=1 ;

/*!40101 SET CHARACTER_SET_CLIENT=@OLD_CHARACTER_SET_CLIENT */;
/*!40101 SET CHARACTER_SET_RESULTS=@OLD_CHARACTER_SET_RESULTS */;
/*!40101 SET COLLATION_CONNECTION=@OLD_COLLATION_CONNECTION */;
